{"stats":{"minecraft:custom":{"minecraft:jump":103,"minecraft:time_since_rest":30223,"minecraft:leave_game":1,"minecraft:damage_dealt":7,"minecraft:crouch_one_cm":405,"minecraft:walk_on_water_one_cm":364,"minecraft:sprint_one_cm":23806,"minecraft:play_time":30223,"minecraft:time_since_death":30223,"minecraft:walk_one_cm":35826,"minecraft:sneak_time":204,"minecraft:total_world_time":30223,"minecraft:walk_under_water_one_cm":1937,"minecraft:swim_one_cm":1228,"minecraft:talked_to_villager":2,"minecraft:drop":11,"minecraft:fly_one_cm":242904},"minecraft:dropped":{"spore:mutated_fiber":11},"minecraft:used":{"minecraft:snowball":2},"minecraft:picked_up":{"spore:mutated_fiber":15,"minecraft:snowball":1}},"DataVersion":3465}