{"stats":{"minecraft:picked_up":{"luminousworld:groundpebbles_1":1,"minecraft:coarse_dirt":1,"spore:mutated_heart":20,"minecraft:wheat":4,"minecraft:chainmail_boots":1,"securitycraft:sand_mine":2,"mowziesmobs:glowing_jelly":2,"toomanyores:red_diamond_armor_chestplate":1,"minecraft:enchanted_book":6,"toomanyores:red_diamond_armor_leggings":1,"minecraft:golden_sword":2,"spore:innards":2,"minecraft:string":1,"spore:corrosive_sack":1,"spore:inf_up_chest":1,"spore:armads":1,"minecraft:gold_nugget":1,"minecraft:cobbled_deepslate":46,"minecraft:beef":3,"minecraft:echo_shard":2,"minecraft:enchanted_golden_apple":122,"deep_dark_regrowth:plasmatic_sculk":2,"deep_dark_regrowth:void_collar_chestplate":3,"deep_dark_regrowth:soul_of_the_depths":3,"minecraft:phantom_membrane":2,"cardinal_sins:dragongreatsword":1,"minecraft:tipped_arrow":1,"spore:tumor":19,"minecraft:stick":10,"mowziesmobs:sol_visage":1,"minecraft:copper_ingot":3,"cardinal_sins:halberdofpride":1,"undead_revamp2:chainedsword":1,"toomanyores:red_diamond_armor_boots":1,"tombstone:grave_dust":11,"cardinal_sins:essenceofenvy":5,"minecraft:stone_sword":1,"minecraft:rotten_flesh":47,"minecraft:arrow":10,"regions_unexplored:maple_sapling":2,"mowziesmobs:ice_crystal":1,"minecraft:gold_ingot":6,"minecraft:snowball":36,"minecraft:skeleton_skull":2,"minecraft:cobblestone":11,"minecraft:feather":6,"minecraft:water_bucket":1,"useless_sword:wither_bone":1,"dungeonsweaponry:power_bow":1,"alexsmobs:bear_fur":2,"minecraft:bedrock":1,"swem:axe_amethyst":4,"minecraft:chainmail_chestplate":1,"regions_unexplored:red_maple_sapling":2,"deep_dark_regrowth:mossy_fluorite":23,"minecraft:gunpowder":4,"mowziesmobs:wrought_axe":1,"minecraft:dirt":1,"tombstone:gift":1,"minecraft:leather_boots":1,"minecraft:bone":17,"toomanyores:serendibite_sword":2,"mowziesmobs:foliaath_seed":2,"minecraft:bow":2,"minecraft:wheat_seeds":1,"spore:scamper_spawnegg":1,"spore:mutated_fiber":313,"minecraft:sculk_catalyst":4,"minecraft:ghast_tear":1,"minecraft:milk_bucket":1,"deep_dark_regrowth:plasma_chunk":2,"toomanyores:red_diamond_armor_helmet":1,"spore:cerebrum":12,"deep_dark_regrowth:sculk_remnants":6,"deep_dark_regrowth:soul_key":1,"regions_unexplored:pine_sapling":2,"spore:armor_fragment":68,"deep_dark_regrowth:warden_helmet":1,"minecraft:jungle_planks":1,"minecraft:sand":3,"mowziesmobs:wrought_helmet":1,"minecraft:trapped_chest":1,"undead_revamp2:heavytooth":2,"minecraft:dark_prismarine":1,"spore:claw_fragment":9,"minecraft:bundle":1,"undead_revamp2:bostroxset_helmet":1,"deep_dark_regrowth:dungeon":1,"minecraft:slime_ball":6,"minecraft:diamond":21,"minecraft:deepslate":1,"minecraft:stone_axe":1,"minecraft:crossbow":2,"regions_unexplored:maple_log":8,"minecraft:chainmail_helmet":1,"minecraft:emerald":20,"alexsmobs:maggot":1,"spore:spine_fragment":20,"tombstone:magic_scroll":1},"minecraft:custom":{"minecraft:mob_kills":179,"minecraft:damage_dealt_resisted":1612,"minecraft:leave_game":13,"minecraft:time_since_death":7314,"minecraft:damage_resisted":1406,"minecraft:sprint_one_cm":192155,"minecraft:walk_one_cm":949401,"minecraft:drop":76,"minecraft:talked_to_villager":4,"minecraft:play_time":343134,"minecraft:deaths":4,"minecraft:sneak_time":2154,"minecraft:walk_under_water_one_cm":27030,"minecraft:jump":1903,"minecraft:walk_on_water_one_cm":7907,"minecraft:total_world_time":343134,"tombstone:raider_killed":1,"minecraft:time_since_rest":7019,"minecraft:damage_taken":3133,"minecraft:damage_absorbed":3665,"minecraft:trigger_trapped_chest":2,"minecraft:damage_dealt":110733,"minecraft:swim_one_cm":1228,"minecraft:fly_one_cm":1461081,"minecraft:crouch_one_cm":2764,"tombstone:undead_killed":62,"minecraft:fall_one_cm":9440},"minecraft:killed_by":{"minecraft:player":1,"mowziesmobs:ferrous_wroughtnaut":1,"minecraft:warden":1,"deep_dark_regrowth:abomination":1},"minecraft:killed":{"undead_revamp2:thewolf":1,"luminousworld:frigid_zombie":2,"cardinal_sins:drakara":1,"minecraft:zombified_piglin":3,"undead_revamp2:thehunter":4,"undead_revamp2:theimmortal":5,"undead_revamp2:thegliter":2,"deep_dark_regrowth:vault_chest":1,"alexsmobs:raccoon":2,"undead_revamp2:clogger":1,"spore:reconstructor":1,"minecraft:zoglin":3,"undead_revamp2:theswarmer":1,"minecraft:phantom":1,"minecraft:skeleton":5,"undead_revamp2:deadclogger":1,"deep_dark_regrowth:annihilator":1,"luminousworld:dark_oak_skeleton":1,"minecraft:chicken":1,"deep_dark_regrowth:abomination":2,"undead_revamp2:thebidy":1,"spore:usurper":1,"undead_revamp2:therod":2,"spore:plagued":3,"undead_revamp2:thehorrors":1,"undead_revamp2:thepregnant":1,"minecraft:warden":3,"doppelgangermod:doppelganger_17":1,"mowziesmobs:foliaath":1,"undead_revamp2:thespectre":2,"undead_revamp2:sucker":1,"undead_revamp2:thespitter":2,"spore:braurei":1,"cardinal_sins:minionoflust":1,"mowziesmobs:umvuthana":1,"deep_dark_regrowth:stalker":1,"cardinal_sins:sinofenvy":1,"alexsmobs:grizzly_bear":1,"spore:inf_player":4,"spore:inf_wanderer":1,"undead_revamp2:the_moonflower":2,"spore:scamper":2,"undead_revamp2:theheavy":3,"spore:brute":3,"mowziesmobs:umvuthana_follower_raptor":5,"spore:inf_drowned":3,"undead_revamp2:thebeartamer":1,"dungeonsweaponry:nameless_one":1,"cardinal_sins:sinofenvyphase_1":1,"minecraft:creeper":3,"mowziesmobs:lantern":1,"spore:inf_pillager":17,"spore:inf_villager":24,"undead_revamp2:theordure":1,"luminousworld:savannah_skeleton":1,"undead_revamp2:slaveman":1,"minecraft:zombie":6,"spore:inf_human":16,"minecraft:ghast":2,"minecraft:stray":1,"spore:inf_witch":1,"spore:wendigo":1,"alexsmobs:fly":1,"luminousworld:dark_oak_zombie":1,"minecraft:wither_skeleton":4,"mowziesmobs:umvuthana_raptor":1,"minecraft:cow":2,"minecraft:enderman":1,"mowziesmobs:naga":1},"minecraft:used":{"useless_sword:wither_sword":143,"deep_dark_regrowth:annihilator_spawn_egg":1,"minecraft:iron_bars":2,"alexsmobs:spawn_egg_banana_slug":2,"spore:hinden_spawnegg":1,"minecraft:spruce_planks":1,"cardinal_sins:dragongreatsword":12,"minecraft:stone":124,"minecraft:iron_sword":10,"mowziesmobs:blowgun":33,"undead_revamp2:theimmortal_spawn_egg":1,"mowziesmobs:umvuthana_crane_spawn_egg":2,"mowziesmobs:frostmaw_spawn_egg":2,"useless_sword:bugged_diamond_sword":5,"minecraft:jungle_planks":2,"undead_revamp2:thehunter_spawn_egg":2,"useless_sword:pesting_rapier":1,"minecraft:spruce_fence":2,"undead_revamp2:fizzysnowgoo":2,"minecraft:snowball":59,"toomanyores:red_diamond_armor_helmet":1,"minecraft:warden_spawn_egg":4,"minecraft:villager_spawn_egg":24,"minecraft:lantern":3,"minecraft:grass_block":10,"cardinal_sins:halberdofpride":44,"toomanyores:serendibite_sword":184,"deep_dark_regrowth:soul_of_the_depths":1,"twm:wooden_mace":5,"spore:gazen_spawnegg":1,"undead_revamp2:thespectre_spawn_egg":2,"spore:griefer_spawnegg":1,"minecraft:bedrock":192,"securitycraft:sand_mine":16,"useless_sword:magma_sword":4,"undead_revamp2:spittea":2,"toomanyores:red_diamond_armor_leggings":1,"cardinal_sins:greatswordofwrath":337,"tombstone:gift":10,"spore:plagued_spawnegg":3,"minecraft:trapped_chest":2,"luminousworld:palm_sapling":1,"minecraft:enchanted_golden_apple":34,"simplyswords:gold_chakram":13,"mowziesmobs:umvuthana_spawn_egg":13,"minecraft:water_bucket":1,"undead_revamp2:therod_spawn_egg":1,"undead_revamp2:clogger_spawn_egg":1,"minecraft:warped_fungus_on_a_stick":2,"undead_revamp2:invisiclogger_spawn_egg":2,"spore:scamper_spawnegg":1,"mowziesmobs:foliaath_spawn_egg":1,"mowziesmobs:naga_spawn_egg":1,"undead_revamp2:the_moonflower_spawn_egg":1,"minecraft:sand":57,"simplyswords:diamond_warglaive":8,"minecraft:tnt":12,"mowziesmobs:grottol_spawn_egg":1,"deep_dark_regrowth:abomination_spawn_egg":10,"undead_revamp2:chainedsword":1106,"mowziesmobs:wrought_axe":7,"toomanyores:red_diamond_armor_boots":1,"minecraft:dark_prismarine":3,"undead_revamp2:thespitter_spawn_egg":1,"minecraft:crying_obsidian":1,"undead_revamp2:thebidy_spawn_egg":1,"undead_revamp2:thewolf_spawn_egg":1,"swem:light_gray_cone":1,"mowziesmobs:umvuthi_spawn_egg":2,"minecraft:deepslate":4,"minecraft:soul_lantern":1,"minecraft:crimson_sign":2,"minecraft:diamond_sword":2,"swem:axe_amethyst":93,"twm:breaker_blade_claymore":37,"minecraft:bucket":3,"minecraft:chain":2,"toomanyores:red_diamond_armor_chestplate":1,"cardinal_sins:sinofenvyphase_1_spawn_egg":1},"minecraft:dropped":{"spore:spine_fragment":1,"minecraft:crossbow":1,"thinair:soulfire_bottle":1,"minecraft:jungle_planks":3,"minecraft:spruce_door":1,"minecraft:stick":5,"regions_unexplored:red_maple_sapling":2,"minecraft:milk_bucket":1,"toomanyores:serendibite_sword":1,"minecraft:snowball":32,"minecraft:phantom_membrane":2,"spore:infected_human_spawnegg":1,"regions_unexplored:maple_log":8,"deep_dark_regrowth:void_collar_chestplate":1,"securitycraft:sand_mine":1,"minecraft:bone":2,"minecraft:stone_axe":1,"minecraft:wheat":4,"minecraft:rotten_flesh":1,"regions_unexplored:maple_sapling":2,"minecraft:enchanted_golden_apple":72,"spore:cerebrum":1,"spore:mutated_fiber":19,"deep_dark_regrowth:plasmatic_sculk":1,"minecraft:diamond_sword":1,"minecraft:skeleton_skull":1,"minecraft:crying_obsidian":1,"minecraft:dark_prismarine":2},"minecraft:broken":{"toomanyores:red_diamond_armor_helmet":1},"minecraft:mined":{"spore:wall_growths_big":1,"regions_unexplored:maple_log":12,"spore:mycelium_veins":15,"regions_unexplored:red_maple_leaves":1,"regions_unexplored:medium_grass":2,"regions_unexplored:pine_log":14,"regions_unexplored:silver_birch_log":20,"minecraft:dirt":1,"spore:remains":1}},"DataVersion":3465}