{"stats":{"minecraft:dropped":{"spore:spine_fragment":1,"thinair:soulfire_bottle":1,"minecraft:jungle_planks":3,"minecraft:spruce_door":1,"minecraft:stick":5,"regions_unexplored:red_maple_sapling":2,"minecraft:milk_bucket":1,"toomanyores:serendibite_sword":1,"minecraft:snowball":32,"minecraft:phantom_membrane":2,"spore:infected_human_spawnegg":1,"regions_unexplored:maple_log":8,"deep_dark_regrowth:void_collar_chestplate":1,"securitycraft:sand_mine":1,"minecraft:bone":2,"minecraft:stone_axe":1,"minecraft:wheat":4,"minecraft:rotten_flesh":1,"regions_unexplored:maple_sapling":2,"minecraft:enchanted_golden_apple":65,"spore:cerebrum":1,"spore:mutated_fiber":19,"deep_dark_regrowth:plasmatic_sculk":1,"minecraft:skeleton_skull":1,"minecraft:dark_prismarine":2},"minecraft:picked_up":{"luminousworld:groundpebbles_1":1,"spore:mutated_heart":7,"minecraft:wheat":4,"securitycraft:sand_mine":2,"toomanyores:red_diamond_armor_chestplate":1,"toomanyores:red_diamond_armor_leggings":1,"spore:armads":1,"minecraft:cobbled_deepslate":46,"minecraft:echo_shard":2,"deep_dark_regrowth:plasmatic_sculk":1,"minecraft:enchanted_golden_apple":62,"deep_dark_regrowth:void_collar_chestplate":3,"minecraft:phantom_membrane":2,"cardinal_sins:dragongreatsword":1,"deep_dark_regrowth:soul_of_the_depths":1,"minecraft:tipped_arrow":1,"minecraft:stick":10,"spore:tumor":2,"minecraft:copper_ingot":2,"cardinal_sins:halberdofpride":1,"toomanyores:red_diamond_armor_boots":1,"tombstone:grave_dust":3,"cardinal_sins:essenceofenvy":5,"minecraft:arrow":4,"minecraft:rotten_flesh":11,"regions_unexplored:maple_sapling":2,"minecraft:snowball":36,"minecraft:skeleton_skull":1,"minecraft:water_bucket":1,"dungeonsweaponry:power_bow":1,"minecraft:bedrock":1,"minecraft:chainmail_chestplate":1,"regions_unexplored:red_maple_sapling":2,"minecraft:gunpowder":2,"minecraft:dirt":1,"tombstone:gift":1,"toomanyores:serendibite_sword":2,"minecraft:bone":6,"minecraft:bow":1,"minecraft:wheat_seeds":1,"spore:mutated_fiber":151,"minecraft:sculk_catalyst":1,"spore:cerebrum":4,"deep_dark_regrowth:plasma_chunk":2,"toomanyores:red_diamond_armor_helmet":1,"minecraft:milk_bucket":1,"deep_dark_regrowth:soul_key":1,"regions_unexplored:pine_sapling":2,"spore:armor_fragment":18,"deep_dark_regrowth:warden_helmet":1,"minecraft:jungle_planks":1,"minecraft:sand":3,"minecraft:trapped_chest":1,"minecraft:dark_prismarine":1,"undead_revamp2:bostroxset_helmet":1,"deep_dark_regrowth:dungeon":1,"minecraft:diamond":21,"minecraft:deepslate":1,"minecraft:stone_axe":1,"regions_unexplored:maple_log":8,"minecraft:emerald":20,"alexsmobs:maggot":1,"spore:spine_fragment":4},"minecraft:used":{"minecraft:iron_bars":2,"alexsmobs:spawn_egg_banana_slug":2,"spore:hinden_spawnegg":1,"minecraft:spruce_planks":1,"cardinal_sins:dragongreatsword":12,"minecraft:stone":26,"minecraft:jungle_planks":2,"undead_revamp2:thehunter_spawn_egg":2,"minecraft:spruce_fence":2,"minecraft:snowball":59,"toomanyores:red_diamond_armor_helmet":1,"minecraft:villager_spawn_egg":24,"minecraft:lantern":3,"cardinal_sins:halberdofpride":44,"toomanyores:serendibite_sword":164,"deep_dark_regrowth:soul_of_the_depths":1,"spore:gazen_spawnegg":1,"undead_revamp2:thespectre_spawn_egg":2,"spore:griefer_spawnegg":1,"minecraft:bedrock":192,"securitycraft:sand_mine":16,"toomanyores:red_diamond_armor_leggings":1,"undead_revamp2:spittea":2,"cardinal_sins:greatswordofwrath":335,"tombstone:gift":2,"spore:plagued_spawnegg":3,"minecraft:trapped_chest":2,"luminousworld:palm_sapling":1,"minecraft:enchanted_golden_apple":8,"minecraft:water_bucket":1,"undead_revamp2:therod_spawn_egg":1,"undead_revamp2:clogger_spawn_egg":1,"minecraft:warped_fungus_on_a_stick":2,"undead_revamp2:the_moonflower_spawn_egg":1,"minecraft:sand":57,"minecraft:tnt":12,"deep_dark_regrowth:abomination_spawn_egg":10,"toomanyores:red_diamond_armor_boots":1,"minecraft:dark_prismarine":3,"swem:light_gray_cone":1,"minecraft:deepslate":4,"minecraft:soul_lantern":1,"minecraft:crimson_sign":2,"minecraft:bucket":3,"minecraft:chain":2,"toomanyores:red_diamond_armor_chestplate":1,"cardinal_sins:sinofenvyphase_1_spawn_egg":1},"minecraft:mined":{"regions_unexplored:maple_log":12,"regions_unexplored:red_maple_leaves":1,"regions_unexplored:medium_grass":2,"regions_unexplored:pine_log":14,"regions_unexplored:silver_birch_log":20,"minecraft:dirt":1,"spore:remains":1},"minecraft:killed":{"luminousworld:frigid_zombie":2,"cardinal_sins:drakara":1,"undead_revamp2:thehunter":1,"deep_dark_regrowth:vault_chest":1,"alexsmobs:raccoon":1,"minecraft:phantom":1,"minecraft:skeleton":1,"minecraft:chicken":1,"deep_dark_regrowth:abomination":1,"undead_revamp2:therod":1,"spore:plagued":3,"doppelgangermod:doppelganger_17":1,"cardinal_sins:minionoflust":1,"deep_dark_regrowth:stalker":1,"cardinal_sins:sinofenvy":1,"spore:inf_player":2,"spore:inf_wanderer":1,"spore:inf_drowned":2,"dungeonsweaponry:nameless_one":1,"cardinal_sins:sinofenvyphase_1":1,"minecraft:creeper":1,"spore:inf_pillager":3,"spore:inf_villager":11,"minecraft:zombie":1,"spore:inf_human":4,"minecraft:stray":1,"spore:inf_witch":1,"alexsmobs:fly":1},"minecraft:killed_by":{"minecraft:warden":1},"minecraft:custom":{"minecraft:mob_kills":49,"minecraft:damage_dealt_resisted":145,"minecraft:leave_game":13,"minecraft:time_since_death":56251,"minecraft:damage_resisted":66,"minecraft:sprint_one_cm":143549,"minecraft:walk_one_cm":540831,"minecraft:drop":66,"minecraft:talked_to_villager":4,"minecraft:play_time":259944,"minecraft:deaths":1,"minecraft:sneak_time":2059,"minecraft:walk_under_water_one_cm":26939,"minecraft:jump":1486,"minecraft:walk_on_water_one_cm":6064,"minecraft:total_world_time":259944,"tombstone:raider_killed":1,"minecraft:time_since_rest":53852,"minecraft:damage_taken":473,"minecraft:damage_absorbed":120,"minecraft:trigger_trapped_chest":2,"minecraft:damage_dealt":42119,"minecraft:swim_one_cm":1228,"minecraft:fly_one_cm":1262910,"minecraft:crouch_one_cm":2119,"tombstone:undead_killed":9,"minecraft:fall_one_cm":6825}},"DataVersion":3465}