{"stats":{"minecraft:dropped":{"regions_unexplored:red_maple_sapling":2,"regions_unexplored:maple_sapling":2,"regions_unexplored:maple_log":8,"spore:mutated_fiber":11,"minecraft:stick":4},"minecraft:custom":{"minecraft:time_since_rest":93126,"minecraft:sprint_one_cm":63708,"minecraft:damage_taken":16,"minecraft:walk_one_cm":95562,"minecraft:damage_absorbed":51,"minecraft:mob_kills":3,"minecraft:drop":27,"minecraft:damage_dealt":157,"minecraft:swim_one_cm":1228,"minecraft:talked_to_villager":2,"minecraft:fly_one_cm":506007,"minecraft:crouch_one_cm":1178,"minecraft:play_time":93126,"minecraft:sneak_time":595,"minecraft:walk_under_water_one_cm":1937,"minecraft:jump":412,"minecraft:leave_game":3,"minecraft:time_since_death":93126,"minecraft:walk_on_water_one_cm":688,"minecraft:total_world_time":93126,"minecraft:damage_resisted":15,"minecraft:fall_one_cm":5302},"minecraft:picked_up":{"minecraft:stick":4,"regions_unexplored:red_maple_sapling":2,"regions_unexplored:maple_sapling":2,"regions_unexplored:maple_log":8,"spore:mutated_fiber":15,"alexsmobs:maggot":1,"minecraft:snowball":1},"minecraft:killed":{"minecraft:chicken":1,"alexsmobs:raccoon":1,"alexsmobs:fly":1},"minecraft:mined":{"regions_unexplored:maple_log":12,"regions_unexplored:red_maple_leaves":1,"regions_unexplored:silver_birch_log":20,"regions_unexplored:medium_grass":2},"minecraft:used":{"toomanyores:red_diamond_armor_boots":1,"minecraft:villager_spawn_egg":20,"minecraft:lantern":3,"toomanyores:serendibite_sword":4,"minecraft:spruce_planks":1,"toomanyores:red_diamond_armor_leggings":1,"minecraft:chain":2,"toomanyores:red_diamond_armor_chestplate":1,"minecraft:spruce_fence":2,"minecraft:snowball":2,"minecraft:enchanted_golden_apple":3,"toomanyores:red_diamond_armor_helmet":1}},"DataVersion":3465}