{"stats":{"minecraft:killed_by":{"minecraft:player":1},"minecraft:picked_up":{"regions_unexplored:silt_dirt":3,"minecraft:oak_sapling":1},"minecraft:dropped":{"minecraft:iron_helmet":1,"minecraft:iron_leggings":1,"minecraft:iron_boots":1,"minecraft:enchanted_golden_apple":64,"minecraft:cooked_beef":64,"minecraft:iron_chestplate":1},"minecraft:custom":{"minecraft:time_since_rest":6287,"minecraft:deaths":1,"minecraft:sprint_one_cm":9005,"minecraft:play_time":15109,"minecraft:damage_taken":765,"minecraft:walk_one_cm":50653,"minecraft:drop":6,"minecraft:jump":88,"minecraft:damage_dealt":235,"minecraft:leave_game":1,"minecraft:time_since_death":6491,"minecraft:total_world_time":15109,"minecraft:damage_resisted":155,"minecraft:fall_one_cm":889,"minecraft:fly_one_cm":9181},"minecraft:mined":{"minecraft:oak_sapling":1,"minecraft:tall_grass":5,"regions_unexplored:silt_grass_block":6},"minecraft:used":{"minecraft:iron_helmet":1,"minecraft:cooked_beef":2,"minecraft:enchanted_golden_apple":1}},"DataVersion":3465}