{"stats":{"minecraft:used":{"minecraft:villager_spawn_egg":20,"minecraft:lantern":3,"minecraft:chain":2,"minecraft:spruce_planks":1,"minecraft:spruce_fence":2,"minecraft:snowball":2},"minecraft:killed":{"alexsmobs:fly":1},"minecraft:dropped":{"spore:mutated_fiber":11},"minecraft:custom":{"minecraft:time_since_rest":77262,"minecraft:crouch_one_cm":692,"minecraft:sprint_one_cm":27888,"minecraft:play_time":77262,"minecraft:walk_one_cm":49080,"minecraft:sneak_time":307,"minecraft:walk_under_water_one_cm":1937,"minecraft:mob_kills":1,"minecraft:drop":11,"minecraft:jump":131,"minecraft:damage_dealt":27,"minecraft:leave_game":2,"minecraft:walk_on_water_one_cm":364,"minecraft:time_since_death":77262,"minecraft:total_world_time":77262,"minecraft:swim_one_cm":1228,"minecraft:talked_to_villager":2,"minecraft:fly_one_cm":313161},"minecraft:picked_up":{"spore:mutated_fiber":15,"alexsmobs:maggot":1,"minecraft:snowball":1}},"DataVersion":3465}