{"stats":{"minecraft:dropped":{"regions_unexplored:red_maple_sapling":2,"spore:spine_fragment":1,"minecraft:stone_axe":1,"minecraft:skeleton_skull":1,"toomanyores:serendibite_sword":1,"minecraft:wheat":4,"minecraft:rotten_flesh":1,"regions_unexplored:maple_sapling":2,"minecraft:phantom_membrane":2,"spore:cerebrum":1,"minecraft:jungle_planks":3,"regions_unexplored:maple_log":8,"spore:mutated_fiber":19,"minecraft:spruce_door":1,"minecraft:dark_prismarine":2,"deep_dark_regrowth:void_collar_chestplate":1,"minecraft:bone":2,"minecraft:stick":4},"minecraft:picked_up":{"deep_dark_regrowth:plasma_chunk":2,"minecraft:stick":4,"spore:cerebrum":1,"minecraft:wheat":4,"deep_dark_regrowth:soul_key":1,"minecraft:jungle_planks":1,"regions_unexplored:red_maple_sapling":2,"minecraft:dark_prismarine":1,"deep_dark_regrowth:dungeon":1,"minecraft:diamond":21,"minecraft:bone":2,"toomanyores:serendibite_sword":1,"minecraft:rotten_flesh":1,"minecraft:stone_axe":1,"regions_unexplored:maple_sapling":2,"minecraft:echo_shard":2,"regions_unexplored:maple_log":8,"spore:mutated_fiber":23,"deep_dark_regrowth:void_collar_chestplate":2,"alexsmobs:maggot":1,"spore:spine_fragment":1,"minecraft:skeleton_skull":1,"minecraft:phantom_membrane":2,"minecraft:snowball":1},"minecraft:used":{"toomanyores:red_diamond_armor_boots":1,"minecraft:dark_prismarine":3,"minecraft:villager_spawn_egg":20,"minecraft:lantern":3,"toomanyores:serendibite_sword":58,"minecraft:spruce_planks":1,"toomanyores:red_diamond_armor_leggings":1,"minecraft:jungle_planks":2,"minecraft:chain":2,"toomanyores:red_diamond_armor_chestplate":1,"minecraft:snowball":2,"minecraft:spruce_fence":2,"minecraft:enchanted_golden_apple":3,"toomanyores:red_diamond_armor_helmet":1},"minecraft:killed":{"minecraft:chicken":1,"deep_dark_regrowth:vault_chest":1,"alexsmobs:raccoon":1,"alexsmobs:fly":1,"doppelgangermod:doppelganger_17":1,"minecraft:phantom":1},"minecraft:mined":{"regions_unexplored:maple_log":12,"regions_unexplored:red_maple_leaves":1,"regions_unexplored:silver_birch_log":20,"regions_unexplored:medium_grass":2},"minecraft:custom":{"minecraft:time_since_rest":142305,"minecraft:damage_absorbed":51,"minecraft:damage_taken":16,"minecraft:sprint_one_cm":93239,"minecraft:walk_one_cm":182226,"minecraft:mob_kills":6,"minecraft:drop":56,"tombstone:raider_killed":1,"minecraft:damage_dealt":4529,"minecraft:swim_one_cm":1228,"minecraft:talked_to_villager":2,"minecraft:fly_one_cm":810107,"minecraft:crouch_one_cm":1406,"minecraft:play_time":142305,"minecraft:walk_under_water_one_cm":4234,"minecraft:sneak_time":1181,"tombstone:undead_killed":2,"minecraft:jump":710,"minecraft:leave_game":4,"minecraft:time_since_death":142305,"minecraft:walk_on_water_one_cm":2604,"minecraft:total_world_time":142305,"minecraft:damage_resisted":15,"minecraft:fall_one_cm":5302}},"DataVersion":3465}