{"stats":{"minecraft:dropped":{"minecraft:stone_axe":1,"regions_unexplored:red_maple_sapling":2,"spore:spine_fragment":1,"minecraft:skeleton_skull":1,"toomanyores:serendibite_sword":1,"minecraft:wheat":4,"minecraft:rotten_flesh":1,"spore:cerebrum":1,"regions_unexplored:maple_sapling":2,"minecraft:phantom_membrane":2,"minecraft:jungle_planks":3,"regions_unexplored:maple_log":8,"spore:mutated_fiber":19,"minecraft:spruce_door":1,"minecraft:dark_prismarine":2,"minecraft:bone":2,"minecraft:stick":4},"minecraft:custom":{"minecraft:time_since_rest":127967,"minecraft:sprint_one_cm":84288,"minecraft:walk_one_cm":164847,"minecraft:damage_taken":16,"minecraft:damage_absorbed":51,"minecraft:mob_kills":5,"minecraft:drop":55,"tombstone:raider_killed":1,"minecraft:damage_dealt":883,"minecraft:swim_one_cm":1228,"minecraft:talked_to_villager":2,"minecraft:fly_one_cm":786382,"minecraft:crouch_one_cm":1406,"minecraft:play_time":127967,"tombstone:undead_killed":2,"minecraft:sneak_time":1136,"minecraft:walk_under_water_one_cm":4234,"minecraft:jump":635,"minecraft:leave_game":4,"minecraft:walk_on_water_one_cm":2604,"minecraft:time_since_death":127967,"minecraft:total_world_time":127967,"minecraft:damage_resisted":15,"minecraft:fall_one_cm":5302},"minecraft:picked_up":{"spore:cerebrum":1,"minecraft:stick":4,"minecraft:wheat":4,"minecraft:jungle_planks":1,"regions_unexplored:red_maple_sapling":2,"minecraft:dark_prismarine":1,"minecraft:bone":2,"minecraft:rotten_flesh":1,"toomanyores:serendibite_sword":1,"minecraft:stone_axe":1,"regions_unexplored:maple_sapling":2,"regions_unexplored:maple_log":8,"spore:mutated_fiber":23,"spore:spine_fragment":1,"alexsmobs:maggot":1,"minecraft:phantom_membrane":2,"minecraft:skeleton_skull":1,"minecraft:snowball":1},"minecraft:killed":{"minecraft:chicken":1,"alexsmobs:raccoon":1,"alexsmobs:fly":1,"doppelgangermod:doppelganger_17":1,"minecraft:phantom":1},"minecraft:mined":{"regions_unexplored:maple_log":12,"regions_unexplored:red_maple_leaves":1,"regions_unexplored:silver_birch_log":20,"regions_unexplored:medium_grass":2},"minecraft:used":{"minecraft:dark_prismarine":3,"toomanyores:red_diamond_armor_boots":1,"minecraft:villager_spawn_egg":20,"minecraft:lantern":3,"toomanyores:serendibite_sword":13,"minecraft:spruce_planks":1,"toomanyores:red_diamond_armor_leggings":1,"minecraft:jungle_planks":2,"minecraft:chain":2,"toomanyores:red_diamond_armor_chestplate":1,"minecraft:spruce_fence":2,"minecraft:snowball":2,"minecraft:enchanted_golden_apple":3,"toomanyores:red_diamond_armor_helmet":1}},"DataVersion":3465}