{"stats":{"minecraft:picked_up":{"undead_revamp2:bostroxingot":2,"luminousworld:groundpebbles_1":2,"minecraft:iron_chestplate":1,"spore:mutated_heart":8,"minecraft:wheat":2,"securitycraft:sand_mine":1,"minecraft:lead":2,"minecraft:diamond_sword":1,"toomanyores:emerald_armor_helmet":1,"toomanyores:emerald_sword":1,"regions_unexplored:red_maple_leaf_pile":4,"minecraft:shield":1,"minecraft:golden_sword":1,"spore:innards":1,"minecraft:string":4,"luminousworld:blizzard":1,"regions_unexplored:pine_log":88,"minecraft:gold_nugget":3,"minecraft:cobbled_deepslate":5,"minecraft:netherite_sword":1,"minecraft:beef":3,"minecraft:enchanted_golden_apple":71,"deep_dark_regrowth:plasmatic_sculk":3,"deep_dark_regrowth:void_collar_chestplate":1,"deep_dark_regrowth:soul_of_the_depths":2,"minecraft:tipped_arrow":1,"spore:tumor":20,"minecraft:stick":19,"spore:vigil_eye":1,"mowziesmobs:sol_visage":1,"minecraft:copper_ingot":1,"tombstone:grave_dust":7,"regions_unexplored:pink_magnolia_sapling":1,"mowziesmobs:umvuthana_mask_faith":3,"undead_revamp2:cloogerribs":38,"deep_dark_regrowth:stalker_statue_spawn_egg":1,"minecraft:arrow":10,"minecraft:rotten_flesh":65,"deep_dark_regrowth:replicate_spawn_egg":1,"deep_dark_regrowth:sculk_parasite_spawn_egg":1,"spore:infected_human_spawnegg":1,"cardinal_sins:essenceoflust":6,"mowziesmobs:ice_crystal":1,"minecraft:gold_ingot":10,"undead_revamp2:wincallerfan":1,"minecraft:cod":1,"minecraft:snowball":58,"minecraft:cobblestone":7,"mowziesmobs:umvuthana_mask_fury":1,"spore:altered_spleen":1,"minecraft:feather":20,"minecraft:salmon":3,"minecraft:leather":64,"minecraft:flint":1,"minecraft:chainmail_chestplate":2,"undead_revamp2:huntereye":2,"deep_dark_regrowth:mossy_fluorite":18,"minecraft:gunpowder":4,"minecraft:dirt":2,"minecraft:bone":37,"deep_dark_regrowth:aware_lens":1,"cardinal_sins:knightofpride_spawn_egg":1,"deep_dark_regrowth:corrupted_matter":3,"minecraft:iron_ingot":12,"spore:mutated_fiber":152,"minecraft:glowstone_dust":1,"mowziesmobs:umvuthana_mask_misery":2,"minecraft:sculk_catalyst":1,"deep_dark_regrowth:plasma_chunk":8,"spore:cerebrum":6,"deep_dark_regrowth:sculk_remnants":7,"regions_unexplored:pine_sapling":13,"spore:armor_fragment":51,"deep_dark_regrowth:warden_helmet":1,"minecraft:gravel":1,"toomanyores:emerald_armor_chestplate":1,"deep_dark_regrowth:annihilator_spawn_egg":1,"toomanyores:emerald_armor_boots":1,"minecraft:jungle_planks":4,"minecraft:sand":1,"toomanyores:emerald_armor_leggings":1,"minecraft:spruce_sapling":1,"minecraft:spruce_log":1,"minecraft:crying_obsidian":2,"alexsmobs:animal_dictionary":1,"undead_revamp2:heavytooth":1,"thinair:soulfire_bottle":1,"minecraft:bundle":2,"undead_revamp2:bostroxset_helmet":7,"minecraft:slime_ball":16,"minecraft:soul_lantern":7,"minecraft:crossbow":1,"mowziesmobs:umvuthana_mask_fear":2,"alexsmobs:banana_slug_slime":3,"spore:spine_fragment":9,"tombstone:magic_scroll":1,"minecraft:coal":3},"minecraft:custom":{"minecraft:mob_kills":98,"minecraft:damage_dealt_resisted":922,"minecraft:leave_game":5,"minecraft:time_since_death":12540,"minecraft:damage_resisted":1283,"minecraft:sprint_one_cm":202013,"minecraft:walk_one_cm":355657,"minecraft:drop":38,"minecraft:play_time":236173,"minecraft:deaths":11,"minecraft:sneak_time":1733,"minecraft:walk_under_water_one_cm":33103,"minecraft:jump":1184,"minecraft:walk_on_water_one_cm":7483,"minecraft:total_world_time":236173,"minecraft:time_since_rest":12195,"minecraft:damage_taken":3973,"minecraft:damage_absorbed":328,"minecraft:damage_dealt":51950,"minecraft:player_kills":1,"minecraft:swim_one_cm":5808,"minecraft:fly_one_cm":709081,"minecraft:crouch_one_cm":3297,"tombstone:undead_killed":27,"minecraft:aviate_one_cm":26546,"minecraft:fall_one_cm":1497},"minecraft:killed_by":{"mowziesmobs:naga":2,"spore:gazenbreacher":2,"minecraft:warden":1,"spore:inf_villager":2,"minecraft:skeleton":1,"mowziesmobs:foliaath":1},"minecraft:killed":{"cardinal_sins:skeletonofgluttony":1,"undead_revamp2:thehunter":1,"minecraft:zombified_piglin":4,"undead_revamp2:theimmortal":3,"mowziesmobs:umvuthi":2,"minecraft:spider":2,"dungeonsweaponry:enchanter":2,"undead_revamp2:thesmoker":1,"mowziesmobs:frostmaw":2,"undead_revamp2:bomber":1,"minecraft:zoglin":1,"minecraft:skeleton":3,"undead_revamp2:deadclogger":1,"deep_dark_regrowth:sculk_parasite":1,"deep_dark_regrowth:annihilator":1,"mowziesmobs:ferrous_wroughtnaut":1,"alexsmobs:banana_slug":2,"minecraft:bee":1,"mowziesmobs:umvuthana_crane":2,"undead_revamp2:therod":1,"minecraft:drowned":1,"undead_revamp2:thepregnant":1,"minecraft:warden":1,"mowziesmobs:umvuthana":11,"cardinal_sins:knightofpride":1,"spore:vigil":1,"spore:inf_player":2,"minecraft:zombie_villager":1,"deep_dark_regrowth:soul_key_awake":1,"minecraft:sniffer":1,"undead_revamp2:theheavy":1,"spore:brute":3,"cardinal_sins:sinoflust":1,"minecraft:creeper":6,"spore:inf_pillager":1,"spore:umarmed":1,"spore:inf_villager":7,"undead_revamp2:thebidyupside":1,"luminousworld:mourning_cloak":1,"spore:mound":1,"minecraft:zombie":5,"spore:inf_human":4,"alexsmobs:cachalot_whale":1,"minecraft:ghast":3,"minecraft:stray":1,"minecraft:wither_skeleton":1,"minecraft:cow":1,"mowziesmobs:naga":1},"minecraft:used":{"spore:sieger_spawnegg":1,"deep_dark_regrowth:annihilator_spawn_egg":1,"luminousworld:dark_oak_zombie_spawn_egg":1,"spore:infected_human_spawnegg":1,"minecraft:netherite_sword":3,"minecraft:iron_bars":5,"cardinal_sins:drakara_spawn_egg":1,"spore:hinden_spawnegg":1,"deep_dark_regrowth:observer_spawn_egg":1,"deep_dark_regrowth:stalker_statue_spawn_egg":1,"spore:umarmed_spawnegg":1,"undead_revamp2:theimmortal_spawn_egg":1,"mowziesmobs:umvuthana_raptor_spawn_egg":2,"undead_revamp2:invisiimmortal_spawn_egg":3,"undead_revamp2:thebeartamer_spawn_egg":1,"mowziesmobs:wroughtnaut_spawn_egg":1,"mowziesmobs:lantern_spawn_egg":1,"securitycraft:reinforced_black_stained_glass_pane":25,"minecraft:stray_spawn_egg":1,"cardinal_sins:sinoflust_spawn_egg":1,"spellsword:doubleedge":4,"minecraft:jungle_planks":1,"undead_revamp2:deadclogger_spawn_egg":1,"undead_revamp2:thehunter_spawn_egg":1,"useless_sword:hemolymph_broadsword":11,"undead_revamp2:theordure_spawn_egg":1,"undead_revamp2:bonedagger":3,"deep_dark_regrowth:soul_key_awake_spawn_egg":1,"useless_sword:nether_striker":80,"dungeonsweaponry:bonebow":13,"minecraft:milk_bucket":3,"minecraft:warden_spawn_egg":1,"undead_revamp2:thehorrors_spawn_egg":1,"undead_revamp2:sucker_spawn_egg":1,"deep_dark_regrowth:spectator_spawn_egg":1,"spore:usurper_spawnegg":1,"spore:reconstructor_spawnegg":1,"minecraft:lantern":11,"spore:braurei_spawnegg":1,"undead_revamp2:thepregnant_spawn_egg":2,"spore:gazen_spawnegg":1,"spore:proto_spawnegg":1,"undead_revamp2:thespectre_spawn_egg":2,"cardinal_sins:knightofpride_spawn_egg":1,"cardinal_sins:minionoflust_spawn_egg":1,"minecraft:bedrock":507,"securitycraft:sand_mine":31,"minecraft:sniffer_spawn_egg":3,"luminousworld:dark_oak_skeleton_spawn_egg":1,"tombstone:gift":11,"spore:vigil_spawnegg":1,"cardinal_sins:skeletonofgluttony_spawn_egg":1,"undead_revamp2:theswarmer_spawn_egg":1,"toomanyores:emerald_sword":143,"simplyswords:ribboncleaver":10,"minecraft:powder_snow_bucket":1,"minecraft:enchanted_golden_apple":6,"swem:sword_amethyst":7,"minecraft:zoglin_spawn_egg":2,"mowziesmobs:umvuthana_spawn_egg":1,"undead_revamp2:therod_spawn_egg":1,"undead_revamp2:clogger_spawn_egg":1,"spore:armads":51,"undead_revamp2:thehorrorsdecoys_spawn_egg":1,"spellsword:lawlesswarblade":2,"simplyswords:runic_greathammer":5,"undead_revamp2:slaveman_spawn_egg":1,"dungeonsweaponry:nameless_one_spawn_egg":1,"spore:scamper_spawnegg":1,"undead_revamp2:thegliter_spawn_egg":2,"undead_revamp2:the_moonflower_spawn_egg":1,"minecraft:sand":9,"minecraft:strider_spawn_egg":2,"spore:brute_spawnegg":6,"deep_dark_regrowth:abomination_spawn_egg":2,"dungeonsweaponry:sabrewing":9,"undead_revamp2:chainedsword":89,"spore:scent_spawnegg":1,"spore:wendigo_spawnegg":1,"regions_unexplored:pine_sapling":53,"spore:mound_spawnegg":1,"luminousworld:savannah_skeleton_spawn_egg":1,"undead_revamp2:thespitter_spawn_egg":1,"minecraft:crying_obsidian":174,"undead_revamp2:thebidy_spawn_egg":2,"undead_revamp2:toothmace":4,"useless_sword:soul_glaive":7,"securitycraft:bucket_f_water":3,"deep_dark_regrowth:sculk_parasite_spawn_egg":2,"minecraft:soul_lantern":63,"minecraft:crimson_sign":6,"deep_dark_regrowth:void_breaker":2,"swem:axe_amethyst":110,"minecraft:bucket":2,"deep_dark_regrowth:vault_chest_spawn_egg":1,"deep_dark_regrowth:replicate_spawn_egg":2,"undead_revamp2:theheavy_spawn_egg":2},"minecraft:dropped":{"undead_revamp2:chainedsword":1,"minecraft:iron_ingot":1,"cardinal_sins:knightofpride_spawn_egg":1,"deep_dark_regrowth:warden_helmet":3,"spore:scamper_spawnegg":1,"deep_dark_regrowth:annihilator_spawn_egg":1,"regions_unexplored:red_maple_leaf_pile":2,"minecraft:dirt":10,"minecraft:snowball":64,"deep_dark_regrowth:void_collar_chestplate":1,"minecraft:bucket":1,"minecraft:gravel":1,"spore:inf_up_chest":1,"deep_dark_regrowth:sculk_parasite_spawn_egg":1,"minecraft:soul_lantern":1,"minecraft:enchanted_golden_apple":60,"deep_dark_regrowth:plasmatic_sculk":2,"swem:axe_amethyst":4,"undead_revamp2:bostroxset_helmet":7,"spore:armads":1,"minecraft:crying_obsidian":1,"deep_dark_regrowth:replicate_spawn_egg":1},"minecraft:broken":{"deep_dark_regrowth:warden_helmet":2},"minecraft:mined":{"minecraft:jungle_planks":2,"regions_unexplored:pine_log":98,"regions_unexplored:red_maple_leaf_pile":1,"spore:remains":1}},"DataVersion":3465}