{"stats":{"minecraft:used":{"regions_unexplored:silt_dirt":1,"minecraft:wooden_axe":5,"minecraft:stone_pickaxe":61,"minecraft:wooden_pickaxe":16,"minecraft:stone_axe":4,"minecraft:wooden_sword":2,"minecraft:crafting_table":2,"minecraft:furnace":3,"minecraft:oak_sapling":5,"minecraft:cooked_beef":1,"minecraft:enchanted_golden_apple":1},"minecraft:crafted":{"minecraft:wooden_sword":1,"minecraft:oak_planks":32,"minecraft:crafting_table":1,"minecraft:stick":24,"minecraft:stone_pickaxe":1,"minecraft:wooden_pickaxe":1,"minecraft:wooden_axe":1,"minecraft:stone_sword":1,"minecraft:furnace":3,"minecraft:stone_axe":1},"minecraft:killed":{"alexsmobs:fly":1},"minecraft:custom":{"minecraft:time_since_rest":15089,"minecraft:sprint_one_cm":1288,"minecraft:damage_taken":241,"minecraft:walk_one_cm":26756,"minecraft:mob_kills":1,"minecraft:drop":6,"minecraft:damage_dealt":700,"minecraft:interact_with_crafting_table":6,"minecraft:fly_one_cm":2369,"minecraft:player_kills":1,"minecraft:play_time":15089,"minecraft:jump":124,"minecraft:time_since_death":15089,"minecraft:total_world_time":15089,"minecraft:damage_resisted":4,"minecraft:fall_one_cm":1022},"minecraft:mined":{"minecraft:oak_sapling":1,"minecraft:crafting_table":1,"minecraft:grass":3,"minecraft:oak_log":14,"regions_unexplored:silt_dirt":2,"swem:star_worm_cobble":4,"minecraft:tall_grass":27,"regions_unexplored:medium_grass":5,"minecraft:stone":71},"minecraft:dropped":{"minecraft:wheat_seeds":5,"swem:alfalfa_seeds":1},"minecraft:picked_up":{"minecraft:iron_chestplate":1,"minecraft:stick":4,"minecraft:crafting_table":1,"minecraft:cooked_beef":64,"swem:star_worm":18,"regions_unexplored:silt_dirt":5,"minecraft:oak_log":14,"minecraft:iron_leggings":1,"minecraft:wheat_seeds":5,"minecraft:iron_helmet":1,"swem:alfalfa_seeds":1,"minecraft:enchanted_golden_apple":64,"minecraft:oak_sapling":5,"minecraft:iron_boots":1,"minecraft:cobblestone":71}},"DataVersion":3465}