{"stats":{"minecraft:broken":{"deep_dark_regrowth:warden_helmet":1},"minecraft:picked_up":{"luminousworld:groundpebbles_1":2,"minecraft:iron_chestplate":1,"spore:mutated_heart":5,"securitycraft:sand_mine":1,"minecraft:salmon":1,"minecraft:lead":2,"toomanyores:emerald_armor_helmet":1,"minecraft:flint":1,"toomanyores:emerald_sword":1,"minecraft:chainmail_chestplate":2,"regions_unexplored:red_maple_leaf_pile":4,"deep_dark_regrowth:mossy_fluorite":11,"minecraft:shield":1,"minecraft:gunpowder":1,"minecraft:string":2,"minecraft:dirt":2,"minecraft:bone":3,"regions_unexplored:pine_log":88,"deep_dark_regrowth:aware_lens":1,"luminousworld:blizzard":1,"minecraft:cobbled_deepslate":5,"minecraft:netherite_sword":1,"cardinal_sins:knightofpride_spawn_egg":1,"deep_dark_regrowth:corrupted_matter":2,"minecraft:iron_ingot":2,"spore:mutated_fiber":78,"deep_dark_regrowth:plasmatic_sculk":3,"minecraft:enchanted_golden_apple":64,"deep_dark_regrowth:void_collar_chestplate":1,"spore:tumor":20,"minecraft:tipped_arrow":1,"minecraft:stick":13,"deep_dark_regrowth:plasma_chunk":8,"spore:cerebrum":4,"deep_dark_regrowth:sculk_remnants":3,"regions_unexplored:pine_sapling":13,"deep_dark_regrowth:warden_helmet":1,"toomanyores:emerald_armor_chestplate":1,"toomanyores:emerald_armor_boots":1,"deep_dark_regrowth:annihilator_spawn_egg":1,"minecraft:gravel":1,"minecraft:jungle_planks":4,"minecraft:sand":1,"toomanyores:emerald_armor_leggings":1,"minecraft:spruce_sapling":1,"tombstone:grave_dust":1,"minecraft:spruce_log":1,"alexsmobs:animal_dictionary":1,"thinair:soulfire_bottle":1,"minecraft:bundle":1,"undead_revamp2:bostroxset_helmet":4,"deep_dark_regrowth:stalker_statue_spawn_egg":1,"minecraft:arrow":7,"minecraft:rotten_flesh":5,"deep_dark_regrowth:replicate_spawn_egg":1,"deep_dark_regrowth:sculk_parasite_spawn_egg":1,"spore:infected_human_spawnegg":1,"minecraft:soul_lantern":7,"cardinal_sins:essenceoflust":6,"minecraft:gold_ingot":10,"alexsmobs:banana_slug_slime":3,"minecraft:snowball":58},"minecraft:dropped":{"minecraft:gravel":1,"minecraft:iron_ingot":1,"deep_dark_regrowth:warden_helmet":3,"cardinal_sins:knightofpride_spawn_egg":1,"deep_dark_regrowth:sculk_parasite_spawn_egg":1,"minecraft:soul_lantern":1,"deep_dark_regrowth:annihilator_spawn_egg":1,"deep_dark_regrowth:plasmatic_sculk":2,"minecraft:dirt":10,"regions_unexplored:red_maple_leaf_pile":2,"minecraft:snowball":64,"undead_revamp2:bostroxset_helmet":5,"spore:armads":1,"deep_dark_regrowth:replicate_spawn_egg":1,"minecraft:bucket":1,"deep_dark_regrowth:void_collar_chestplate":1},"minecraft:used":{"deep_dark_regrowth:annihilator_spawn_egg":1,"spore:infected_human_spawnegg":1,"minecraft:netherite_sword":3,"minecraft:iron_bars":5,"spore:armads":51,"cardinal_sins:drakara_spawn_egg":1,"deep_dark_regrowth:observer_spawn_egg":1,"dungeonsweaponry:nameless_one_spawn_egg":1,"deep_dark_regrowth:stalker_statue_spawn_egg":1,"mowziesmobs:umvuthana_raptor_spawn_egg":1,"undead_revamp2:invisiimmortal_spawn_egg":3,"minecraft:sand":9,"minecraft:stray_spawn_egg":1,"cardinal_sins:sinoflust_spawn_egg":1,"minecraft:strider_spawn_egg":2,"minecraft:jungle_planks":1,"deep_dark_regrowth:abomination_spawn_egg":1,"undead_revamp2:bonedagger":3,"dungeonsweaponry:sabrewing":9,"deep_dark_regrowth:soul_key_awake_spawn_egg":1,"undead_revamp2:chainedsword":71,"dungeonsweaponry:bonebow":13,"regions_unexplored:pine_sapling":53,"minecraft:milk_bucket":3,"minecraft:warden_spawn_egg":1,"deep_dark_regrowth:spectator_spawn_egg":1,"undead_revamp2:toothmace":1,"securitycraft:bucket_f_water":3,"deep_dark_regrowth:sculk_parasite_spawn_egg":2,"cardinal_sins:knightofpride_spawn_egg":1,"cardinal_sins:minionoflust_spawn_egg":1,"minecraft:soul_lantern":63,"minecraft:crimson_sign":6,"minecraft:bedrock":507,"securitycraft:sand_mine":31,"minecraft:sniffer_spawn_egg":3,"minecraft:bucket":2,"tombstone:gift":9,"deep_dark_regrowth:vault_chest_spawn_egg":1,"cardinal_sins:skeletonofgluttony_spawn_egg":1,"deep_dark_regrowth:replicate_spawn_egg":2,"toomanyores:emerald_sword":143,"minecraft:powder_snow_bucket":1,"minecraft:enchanted_golden_apple":5},"minecraft:mined":{"minecraft:jungle_planks":2,"regions_unexplored:pine_log":98,"regions_unexplored:red_maple_leaf_pile":1,"spore:remains":1},"minecraft:killed":{"cardinal_sins:skeletonofgluttony":1,"cardinal_sins:knightofpride":1,"spore:inf_player":1,"undead_revamp2:theimmortal":3,"deep_dark_regrowth:soul_key_awake":1,"minecraft:sniffer":1,"minecraft:spider":1,"dungeonsweaponry:enchanter":2,"minecraft:creeper":2,"cardinal_sins:sinoflust":1,"spore:inf_villager":3,"luminousworld:mourning_cloak":1,"deep_dark_regrowth:sculk_parasite":1,"deep_dark_regrowth:annihilator":1,"spore:inf_human":4,"alexsmobs:banana_slug":2,"alexsmobs:cachalot_whale":1,"minecraft:stray":1,"mowziesmobs:naga":1},"minecraft:killed_by":{"mowziesmobs:naga":2,"spore:gazenbreacher":2,"spore:inf_villager":1,"minecraft:skeleton":1},"minecraft:custom":{"minecraft:mob_kills":31,"minecraft:damage_dealt_resisted":37,"minecraft:leave_game":4,"minecraft:damage_resisted":697,"minecraft:time_since_death":1425,"minecraft:time_since_rest":1073,"minecraft:sprint_one_cm":102818,"minecraft:damage_absorbed":168,"minecraft:damage_taken":3128,"minecraft:walk_one_cm":220435,"minecraft:drop":27,"minecraft:damage_dealt":16312,"minecraft:fly_one_cm":577285,"minecraft:crouch_one_cm":3031,"minecraft:play_time":152658,"tombstone:undead_killed":4,"minecraft:deaths":8,"minecraft:sneak_time":1434,"minecraft:walk_under_water_one_cm":30024,"minecraft:aviate_one_cm":16379,"minecraft:jump":948,"minecraft:walk_on_water_one_cm":5234,"minecraft:total_world_time":152658,"minecraft:fall_one_cm":1497}},"DataVersion":3465}