{"stats":{"minecraft:custom":{"minecraft:jump":88,"minecraft:time_since_rest":23933,"minecraft:leave_game":1,"minecraft:damage_dealt":24,"minecraft:crouch_one_cm":383,"minecraft:sprint_one_cm":8355,"minecraft:play_time":23933,"minecraft:damage_taken":210,"minecraft:time_since_death":23933,"minecraft:walk_one_cm":36607,"minecraft:sneak_time":56,"minecraft:total_world_time":23933,"minecraft:fall_one_cm":209,"minecraft:fly_one_cm":125387},"minecraft:picked_up":{"minecraft:jungle_planks":2,"minecraft:bone":2,"minecraft:arrow":3,"minecraft:rotten_flesh":3,"minecraft:lead":2},"minecraft:mined":{"minecraft:jungle_planks":2},"minecraft:used":{"minecraft:jungle_planks":1}},"DataVersion":3465}