{"stats":{"minecraft:dropped":{"deep_dark_regrowth:void_collar_chestplate":1},"minecraft:picked_up":{"deep_dark_regrowth:plasma_chunk":4,"minecraft:arrow":3,"minecraft:bone":2,"minecraft:rotten_flesh":3,"minecraft:lead":2,"minecraft:jungle_planks":2,"minecraft:chainmail_chestplate":1,"minecraft:gold_ingot":5,"spore:mutated_fiber":5,"deep_dark_regrowth:void_collar_chestplate":1},"minecraft:used":{"minecraft:netherite_sword":3,"minecraft:jungle_planks":1,"deep_dark_regrowth:stalker_statue_spawn_egg":1,"deep_dark_regrowth:vault_chest_spawn_egg":1,"deep_dark_regrowth:soul_key_awake_spawn_egg":1,"toomanyores:emerald_sword":34},"minecraft:killed":{"deep_dark_regrowth:soul_key_awake":1},"minecraft:mined":{"minecraft:jungle_planks":2},"minecraft:killed_by":{"minecraft:skeleton":1},"minecraft:custom":{"minecraft:time_since_rest":1,"minecraft:damage_taken":250,"minecraft:play_time":30455,"minecraft:crouch_one_cm":486,"minecraft:sprint_one_cm":11273,"minecraft:deaths":1,"minecraft:walk_one_cm":49535,"minecraft:sneak_time":71,"minecraft:mob_kills":2,"minecraft:drop":1,"minecraft:jump":100,"minecraft:walk_on_water_one_cm":98,"minecraft:damage_dealt":2797,"minecraft:leave_game":3,"minecraft:time_since_death":744,"minecraft:total_world_time":30455,"minecraft:fall_one_cm":209,"minecraft:fly_one_cm":147748}},"DataVersion":3465}