{"stats":{"minecraft:used":{"alexsmobs:animal_dictionary":1},"minecraft:killed":{"luminousworld:mourning_cloak":1},"minecraft:custom":{"minecraft:jump":118,"minecraft:time_since_rest":4350,"minecraft:damage_taken":125,"minecraft:damage_dealt":10,"minecraft:crouch_one_cm":77,"minecraft:leave_game":2,"minecraft:play_time":4350,"minecraft:sprint_one_cm":12320,"minecraft:time_since_death":4350,"minecraft:walk_one_cm":16892,"minecraft:sneak_time":12,"minecraft:total_world_time":4350,"minecraft:mob_kills":1,"minecraft:fall_one_cm":4114,"minecraft:fly_one_cm":29409}},"DataVersion":3465}