{
  "undead_revamp2:theundeadchallenges": {
    "criteria": {
      "theundeadchallenges": "2024-06-17 17:54:15 +0000"
    },
    "done": true
  },
  "minecraft:recipes/decorations/crafting_table": {
    "criteria": {
      "unlock_right_away": "2024-06-17 17:54:15 +0000"
    },
    "done": true
  },
  "mowziesmobs:root": {
    "criteria": {
      "custom_test_name": "2024-06-17 17:54:15 +0000"
    },
    "done": true
  },
  "tombstone:adventure/root": {
    "criteria": {
      "auto": "2024-06-17 17:54:16 +0000"
    },
    "done": true
  },
  "regions_unexplored:parent": {
    "criteria": {
      "load_in_world": "2024-06-17 17:54:16 +0000"
    },
    "done": true
  },
  "minecraft:adventure/adventuring_time": {
    "criteria": {
      "minecraft:snowy_slopes": "2024-06-17 17:56:47 +0000",
      "minecraft:frozen_river": "2024-06-17 17:56:02 +0000",
      "minecraft:cherry_grove": "2024-06-17 19:09:07 +0000",
      "minecraft:river": "2024-06-17 19:07:40 +0000",
      "minecraft:snowy_plains": "2024-06-17 17:54:16 +0000",
      "minecraft:stony_shore": "2024-06-17 18:02:45 +0000",
      "minecraft:snowy_taiga": "2024-06-17 17:57:06 +0000",
      "minecraft:grove": "2024-06-17 17:57:09 +0000",
      "minecraft:forest": "2024-06-17 18:04:16 +0000",
      "minecraft:plains": "2024-06-17 18:04:42 +0000"
    },
    "done": false
  },
  "spore:spore": {
    "criteria": {
      "requirement": "2024-06-17 17:55:42 +0000"
    },
    "done": true
  },
  "minecraft:recipes/decorations/snow": {
    "criteria": {
      "has_snowball": "2024-06-17 17:55:55 +0000"
    },
    "done": true
  },
  "minecraft:recipes/building_blocks/snow_block": {
    "criteria": {
      "has_snowball": "2024-06-17 17:55:55 +0000"
    },
    "done": true
  },
  "regions_unexplored:regions_explored": {
    "criteria": {
      "silver_birch_forest": "2024-06-17 20:29:27 +0000",
      "autumnal_maple_forest": "2024-06-17 18:04:35 +0000",
      "muddy_river": "2024-06-17 18:04:17 +0000",
      "willow_forest": "2024-06-17 20:33:21 +0000",
      "frozen_tundra": "2024-06-17 20:28:27 +0000",
      "rocky_meadow": "2024-06-17 20:31:59 +0000",
      "flower_fields": "2024-06-17 20:34:11 +0000",
      "frozen_pine_taiga": "2024-06-17 20:28:24 +0000",
      "maple_forest": "2024-06-17 20:29:18 +0000",
      "magnolia_highlands": "2024-06-17 20:32:05 +0000",
      "cold_river": "2024-06-17 18:04:34 +0000",
      "pumpkin_fields": "2024-06-17 18:09:38 +0000"
    },
    "done": false
  },
  "regions_unexplored:pioneer": {
    "criteria": {
      "silver_birch_forest": "2024-06-17 20:29:27 +0000",
      "autumnal_maple_forest": "2024-06-17 18:04:35 +0000",
      "muddy_river": "2024-06-17 18:04:17 +0000",
      "willow_forest": "2024-06-17 20:33:21 +0000",
      "frozen_tundra": "2024-06-17 20:28:27 +0000",
      "rocky_meadow": "2024-06-17 20:31:59 +0000",
      "flower_fields": "2024-06-17 20:34:11 +0000",
      "frozen_pine_taiga": "2024-06-17 20:28:24 +0000",
      "maple_forest": "2024-06-17 20:29:18 +0000",
      "magnolia_highlands": "2024-06-17 20:32:05 +0000",
      "cold_river": "2024-06-17 18:04:34 +0000",
      "pumpkin_fields": "2024-06-17 18:09:38 +0000"
    },
    "done": false
  },
  "regions_unexplored:recipes/transportation/maple_boat": {
    "criteria": {
      "in_water": "2024-06-17 18:16:58 +0000"
    },
    "done": true
  },
  "regions_unexplored:recipes/transportation/magnolia_boat": {
    "criteria": {
      "in_water": "2024-06-17 18:16:58 +0000"
    },
    "done": true
  },
  "minecraft:recipes/transportation/cherry_boat": {
    "criteria": {
      "in_water": "2024-06-17 18:16:58 +0000"
    },
    "done": true
  },
  "minecraft:recipes/transportation/bamboo_raft": {
    "criteria": {
      "in_water": "2024-06-17 18:16:58 +0000"
    },
    "done": true
  },
  "regions_unexplored:recipes/transportation/kapok_boat": {
    "criteria": {
      "in_water": "2024-06-17 18:16:58 +0000"
    },
    "done": true
  },
  "regions_unexplored:recipes/transportation/cypress_boat": {
    "criteria": {
      "in_water": "2024-06-17 18:16:58 +0000"
    },
    "done": true
  },
  "regions_unexplored:recipes/transportation/larch_boat": {
    "criteria": {
      "in_water": "2024-06-17 18:16:58 +0000"
    },
    "done": true
  },
  "minecraft:recipes/transportation/acacia_boat": {
    "criteria": {
      "in_water": "2024-06-17 18:16:58 +0000"
    },
    "done": true
  },
  "minecraft:recipes/transportation/jungle_boat": {
    "criteria": {
      "in_water": "2024-06-17 18:16:58 +0000"
    },
    "done": true
  },
  "regions_unexplored:recipes/transportation/blackwood_boat": {
    "criteria": {
      "in_water": "2024-06-17 18:16:58 +0000"
    },
    "done": true
  },
  "regions_unexplored:recipes/transportation/pine_boat": {
    "criteria": {
      "in_water": "2024-06-17 18:16:58 +0000"
    },
    "done": true
  },
  "regions_unexplored:recipes/transportation/eucalyptus_boat": {
    "criteria": {
      "in_water": "2024-06-17 18:16:58 +0000"
    },
    "done": true
  },
  "regions_unexplored:recipes/transportation/palm_boat": {
    "criteria": {
      "in_water": "2024-06-17 18:16:58 +0000"
    },
    "done": true
  },
  "regions_unexplored:recipes/transportation/socotra_boat": {
    "criteria": {
      "in_water": "2024-06-17 18:16:58 +0000"
    },
    "done": true
  },
  "minecraft:recipes/transportation/spruce_boat": {
    "criteria": {
      "in_water": "2024-06-17 18:16:58 +0000"
    },
    "done": true
  },
  "regions_unexplored:recipes/transportation/oak_boat": {
    "criteria": {
      "in_water": "2024-06-17 18:16:58 +0000"
    },
    "done": true
  },
  "minecraft:recipes/transportation/birch_boat": {
    "criteria": {
      "in_water": "2024-06-17 18:16:58 +0000"
    },
    "done": true
  },
  "regions_unexplored:recipes/transportation/dead_boat": {
    "criteria": {
      "in_water": "2024-06-17 18:16:58 +0000"
    },
    "done": true
  },
  "minecraft:recipes/transportation/oak_boat": {
    "criteria": {
      "in_water": "2024-06-17 18:16:58 +0000"
    },
    "done": true
  },
  "minecraft:recipes/transportation/mangrove_boat": {
    "criteria": {
      "in_water": "2024-06-17 18:16:58 +0000"
    },
    "done": true
  },
  "regions_unexplored:recipes/transportation/mauve_boat": {
    "criteria": {
      "in_water": "2024-06-17 18:16:58 +0000"
    },
    "done": true
  },
  "regions_unexplored:recipes/transportation/redwood_boat": {
    "criteria": {
      "in_water": "2024-06-17 18:16:58 +0000"
    },
    "done": true
  },
  "regions_unexplored:recipes/transportation/baobab_boat": {
    "criteria": {
      "in_water": "2024-06-17 18:16:58 +0000"
    },
    "done": true
  },
  "regions_unexplored:recipes/transportation/willow_boat": {
    "criteria": {
      "in_water": "2024-06-17 18:16:58 +0000"
    },
    "done": true
  },
  "regions_unexplored:recipes/transportation/joshua_boat": {
    "criteria": {
      "in_water": "2024-06-17 18:16:58 +0000"
    },
    "done": true
  },
  "minecraft:recipes/transportation/dark_oak_boat": {
    "criteria": {
      "in_water": "2024-06-17 18:16:58 +0000"
    },
    "done": true
  },
  "minecraft:adventure/root": {
    "criteria": {
      "killed_something": "2024-06-17 18:44:29 +0000"
    },
    "done": true
  },
  "regions_unexplored:recipes/building_blocks/lime_painted_planks": {
    "criteria": {
      "has_planks": "2024-06-17 19:10:12 +0000"
    },
    "done": true
  },
  "furnitura:recipes/misc/spruce_shelf_extenders": {
    "criteria": {
      "has_spruce_planks": "2024-06-17 19:10:12 +0000"
    },
    "done": true
  },
  "furnitura:recipes/misc/spruce_crate": {
    "criteria": {
      "has_spruce_planks": "2024-06-17 19:10:12 +0000"
    },
    "done": true
  },
  "furnitura:recipes/misc/small_table_spruce": {
    "criteria": {
      "has_spruce_planks": "2024-06-17 19:10:12 +0000"
    },
    "done": true
  },
  "regions_unexplored:recipes/building_blocks/brown_painted_planks": {
    "criteria": {
      "has_planks": "2024-06-17 19:10:12 +0000"
    },
    "done": true
  },
  "minecraft:recipes/misc/stick": {
    "criteria": {
      "has_planks": "2024-06-17 19:10:12 +0000"
    },
    "done": true
  },
  "furnitura:recipes/misc/spruce_shelf": {
    "criteria": {
      "has_spruce_planks": "2024-06-17 19:10:12 +0000"
    },
    "done": true
  },
  "regions_unexplored:recipes/building_blocks/black_painted_planks": {
    "criteria": {
      "has_planks": "2024-06-17 19:10:12 +0000"
    },
    "done": true
  },
  "minecraft:recipes/decorations/spruce_fence": {
    "criteria": {
      "has_planks": "2024-06-17 19:10:12 +0000"
    },
    "done": true
  },
  "regions_unexplored:recipes/building_blocks/cyan_painted_planks": {
    "criteria": {
      "has_planks": "2024-06-17 19:10:12 +0000"
    },
    "done": true
  },
  "furnitura:recipes/misc/single_leg_table_spruce": {
    "criteria": {
      "has_spruce_planks": "2024-06-17 19:10:12 +0000"
    },
    "done": true
  },
  "minecraft:recipes/redstone/spruce_button": {
    "criteria": {
      "has_planks": "2024-06-17 19:10:12 +0000"
    },
    "done": true
  },
  "minecraft:recipes/redstone/spruce_pressure_plate": {
    "criteria": {
      "has_planks": "2024-06-17 19:10:12 +0000"
    },
    "done": true
  },
  "furnitura:recipes/misc/spruce_table": {
    "criteria": {
      "has_spruce_planks": "2024-06-17 19:10:12 +0000"
    },
    "done": true
  },
  "regions_unexplored:recipes/building_blocks/blue_painted_planks": {
    "criteria": {
      "has_planks": "2024-06-17 19:10:12 +0000"
    },
    "done": true
  },
  "furnitura:recipes/misc/spruce_cabinet": {
    "criteria": {
      "has_spruce_planks": "2024-06-17 19:10:12 +0000"
    },
    "done": true
  },
  "minecraft:recipes/decorations/barrel": {
    "criteria": {
      "has_planks": "2024-06-17 19:10:12 +0000"
    },
    "done": true
  },
  "furnitura:recipes/misc/spruce_chair": {
    "criteria": {
      "has_spruce_planks": "2024-06-17 19:10:12 +0000"
    },
    "done": true
  },
  "regions_unexplored:recipes/building_blocks/orange_painted_planks": {
    "criteria": {
      "has_planks": "2024-06-17 19:10:12 +0000"
    },
    "done": true
  },
  "furnitura:recipes/misc/spruce_stool": {
    "criteria": {
      "has_spruce_planks": "2024-06-17 19:10:12 +0000"
    },
    "done": true
  },
  "regions_unexplored:recipes/building_blocks/gray_painted_planks": {
    "criteria": {
      "has_planks": "2024-06-17 19:10:12 +0000"
    },
    "done": true
  },
  "regions_unexplored:recipes/building_blocks/red_painted_planks": {
    "criteria": {
      "has_planks": "2024-06-17 19:10:12 +0000"
    },
    "done": true
  },
  "regions_unexplored:recipes/building_blocks/green_painted_planks": {
    "criteria": {
      "has_planks": "2024-06-17 19:10:12 +0000"
    },
    "done": true
  },
  "minecraft:recipes/decorations/spruce_sign": {
    "criteria": {
      "has_planks": "2024-06-17 19:10:12 +0000"
    },
    "done": true
  },
  "regions_unexplored:recipes/building_blocks/white_painted_planks": {
    "criteria": {
      "has_planks": "2024-06-17 19:10:12 +0000"
    },
    "done": true
  },
  "regions_unexplored:recipes/building_blocks/light_gray_painted_planks": {
    "criteria": {
      "has_planks": "2024-06-17 19:10:12 +0000"
    },
    "done": true
  },
  "furnitura:recipes/misc/spruce_stump": {
    "criteria": {
      "has_spruce_planks": "2024-06-17 19:10:12 +0000"
    },
    "done": true
  },
  "regions_unexplored:recipes/building_blocks/light_blue_painted_planks": {
    "criteria": {
      "has_planks": "2024-06-17 19:10:12 +0000"
    },
    "done": true
  },
  "regions_unexplored:recipes/building_blocks/yellow_painted_planks": {
    "criteria": {
      "has_planks": "2024-06-17 19:10:12 +0000"
    },
    "done": true
  },
  "regions_unexplored:recipes/building_blocks/purple_painted_planks": {
    "criteria": {
      "has_planks": "2024-06-17 19:10:12 +0000"
    },
    "done": true
  },
  "furnitura:recipes/misc/spruce_mailbox": {
    "criteria": {
      "has_spruce_planks": "2024-06-17 19:10:12 +0000"
    },
    "done": true
  },
  "minecraft:recipes/building_blocks/spruce_slab": {
    "criteria": {
      "has_planks": "2024-06-17 19:10:12 +0000"
    },
    "done": true
  },
  "regions_unexplored:recipes/building_blocks/pink_painted_planks": {
    "criteria": {
      "has_planks": "2024-06-17 19:10:12 +0000"
    },
    "done": true
  },
  "furnitura:recipes/misc/spruce_log_shelf": {
    "criteria": {
      "has_spruce_planks": "2024-06-17 19:10:12 +0000"
    },
    "done": true
  },
  "regions_unexplored:recipes/building_blocks/magenta_painted_planks": {
    "criteria": {
      "has_planks": "2024-06-17 19:10:12 +0000"
    },
    "done": true
  },
  "minecraft:recipes/redstone/spruce_trapdoor": {
    "criteria": {
      "has_planks": "2024-06-17 19:10:12 +0000"
    },
    "done": true
  },
  "minecraft:recipes/redstone/spruce_door": {
    "criteria": {
      "has_planks": "2024-06-17 19:10:12 +0000"
    },
    "done": true
  },
  "minecraft:recipes/redstone/spruce_fence_gate": {
    "criteria": {
      "has_planks": "2024-06-17 19:10:12 +0000"
    },
    "done": true
  },
  "furnitura:recipes/misc/spruce_park_bench": {
    "criteria": {
      "has_spruce_planks": "2024-06-17 19:10:12 +0000"
    },
    "done": true
  },
  "minecraft:recipes/building_blocks/spruce_stairs": {
    "criteria": {
      "has_planks": "2024-06-17 19:10:12 +0000"
    },
    "done": true
  },
  "furnitura:recipes/misc/spruce_desk": {
    "criteria": {
      "has_spruce_planks": "2024-06-17 19:10:12 +0000"
    },
    "done": true
  },
  "minecraft:recipes/decorations/ladder": {
    "criteria": {
      "has_stick": "2024-06-17 20:26:43 +0000"
    },
    "done": true
  },
  "securitycraft:recipes/redstone/reinforced_birch_fence_gate": {
    "criteria": {
      "has_stick": "2024-06-17 20:26:43 +0000"
    },
    "done": true
  },
  "securitycraft:recipes/redstone/reinforced_crimson_fence_gate": {
    "criteria": {
      "has_stick": "2024-06-17 20:26:43 +0000"
    },
    "done": true
  },
  "securitycraft:recipes/misc/motion_activated_light": {
    "criteria": {
      "has_stick": "2024-06-17 20:26:43 +0000"
    },
    "done": true
  },
  "securitycraft:recipes/redstone/reinforced_jungle_fence_gate": {
    "criteria": {
      "has_stick": "2024-06-17 20:26:43 +0000"
    },
    "done": true
  },
  "regions_unexplored:recipes/decorations/maple_shrub": {
    "criteria": {
      "has_maple_sapling": "2024-06-17 20:26:43 +0000"
    },
    "done": true
  },
  "minecraft:recipes/tools/wooden_axe": {
    "criteria": {
      "has_stick": "2024-06-17 20:26:43 +0000"
    },
    "done": true
  },
  "swem:recipes/misc/western_fence_acacia": {
    "criteria": {
      "has_stick": "2024-06-17 20:26:43 +0000"
    },
    "done": true
  },
  "securitycraft:recipes/redstone/reinforced_spruce_fence_gate": {
    "criteria": {
      "has_stick": "2024-06-17 20:26:43 +0000"
    },
    "done": true
  },
  "minecraft:recipes/decorations/chest": {
    "criteria": {
      "has_lots_of_items": "2024-06-17 20:25:41 +0000"
    },
    "done": true
  },
  "regions_unexplored:recipes/decorations/maple_branch_from_maple_log": {
    "criteria": {
      "has_log": "2024-06-17 20:26:42 +0000"
    },
    "done": true
  },
  "securitycraft:recipes/misc/reinforced_acacia_fence": {
    "criteria": {
      "has_stick": "2024-06-17 20:26:43 +0000"
    },
    "done": true
  },
  "swem:recipes/misc/pasture_fence_whitewash": {
    "criteria": {
      "has_stick": "2024-06-17 20:26:43 +0000"
    },
    "done": true
  },
  "securitycraft:recipes/redstone/reinforced_bamboo_fence_gate": {
    "criteria": {
      "has_stick": "2024-06-17 20:26:43 +0000"
    },
    "done": true
  },
  "minecraft:recipes/decorations/campfire": {
    "criteria": {
      "has_stick": "2024-06-17 20:26:43 +0000"
    },
    "done": true
  },
  "minecraft:recipes/tools/wooden_hoe": {
    "criteria": {
      "has_stick": "2024-06-17 20:26:43 +0000"
    },
    "done": true
  },
  "minecraft:recipes/misc/charcoal": {
    "criteria": {
      "has_log": "2024-06-17 20:26:42 +0000"
    },
    "done": true
  },
  "swem:recipes/misc/western_fence_spruce": {
    "criteria": {
      "has_stick": "2024-06-17 20:26:43 +0000"
    },
    "done": true
  },
  "securitycraft:recipes/misc/sonic_security_system": {
    "criteria": {
      "has_stick": "2024-06-17 20:26:43 +0000"
    },
    "done": true
  },
  "swem:recipes/misc/pasture_fence_acacia": {
    "criteria": {
      "has_stick": "2024-06-17 20:26:43 +0000"
    },
    "done": true
  },
  "regions_unexplored:recipes/building_blocks/maple_wood": {
    "criteria": {
      "has_log": "2024-06-17 20:26:42 +0000"
    },
    "done": true
  },
  "minecraft:recipes/tools/wooden_shovel": {
    "criteria": {
      "has_stick": "2024-06-17 20:26:43 +0000"
    },
    "done": true
  },
  "securitycraft:recipes/redstone/reinforced_dark_oak_fence_gate": {
    "criteria": {
      "has_stick": "2024-06-17 20:26:43 +0000"
    },
    "done": true
  },
  "minecraft:recipes/combat/wooden_sword": {
    "criteria": {
      "has_stick": "2024-06-17 20:26:43 +0000"
    },
    "done": true
  },
  "securitycraft:recipes/misc/reinforced_birch_fence": {
    "criteria": {
      "has_stick": "2024-06-17 20:26:43 +0000"
    },
    "done": true
  },
  "securitycraft:recipes/misc/reinforced_dark_oak_fence": {
    "criteria": {
      "has_stick": "2024-06-17 20:26:43 +0000"
    },
    "done": true
  },
  "securitycraft:recipes/misc/reinforced_oak_fence": {
    "criteria": {
      "has_stick": "2024-06-17 20:26:43 +0000"
    },
    "done": true
  },
  "swem:recipes/misc/western_fence_oak": {
    "criteria": {
      "has_stick": "2024-06-17 20:26:43 +0000"
    },
    "done": true
  },
  "securitycraft:recipes/redstone/reinforced_oak_fence_gate": {
    "criteria": {
      "has_stick": "2024-06-17 20:26:43 +0000"
    },
    "done": true
  },
  "securitycraft:recipes/misc/sc_manual": {
    "criteria": {
      "has_wood": "2024-06-17 20:26:42 +0000"
    },
    "done": true
  },
  "securitycraft:recipes/misc/reinforced_bamboo_fence": {
    "criteria": {
      "has_stick": "2024-06-17 20:26:43 +0000"
    },
    "done": true
  },
  "securitycraft:recipes/misc/reinforced_crimson_fence": {
    "criteria": {
      "has_stick": "2024-06-17 20:26:43 +0000"
    },
    "done": true
  },
  "regions_unexplored:got_wood": {
    "criteria": {
      "maple_log": "2024-06-17 20:26:42 +0000"
    },
    "done": false
  },
  "swem:recipes/misc/pasture_fence_spruce": {
    "criteria": {
      "has_stick": "2024-06-17 20:26:43 +0000"
    },
    "done": true
  },
  "regions_unexplored:recipes/building_blocks/maple_planks": {
    "criteria": {
      "has_logs": "2024-06-17 20:26:42 +0000"
    },
    "done": true
  },
  "swem:recipes/misc/western_fence_jungle": {
    "criteria": {
      "has_stick": "2024-06-17 20:26:43 +0000"
    },
    "done": true
  },
  "securitycraft:recipes/misc/reinforced_jungle_fence": {
    "criteria": {
      "has_stick": "2024-06-17 20:26:43 +0000"
    },
    "done": true
  },
  "securitycraft:recipes/misc/reinforced_warped_fence": {
    "criteria": {
      "has_stick": "2024-06-17 20:26:43 +0000"
    },
    "done": true
  },
  "swem:recipes/misc/pasture_fence_oak": {
    "criteria": {
      "has_stick": "2024-06-17 20:26:43 +0000"
    },
    "done": true
  },
  "swem:recipes/misc/pasture_fence_birch": {
    "criteria": {
      "has_stick": "2024-06-17 20:26:43 +0000"
    },
    "done": true
  },
  "securitycraft:recipes/redstone/reinforced_cherry_fence_gate": {
    "criteria": {
      "has_stick": "2024-06-17 20:26:43 +0000"
    },
    "done": true
  },
  "minecraft:husbandry/root": {
    "criteria": {
      "consumed_item": "2024-06-17 20:26:55 +0000"
    },
    "done": true
  },
  "swem:recipes/misc/western_fence_birch": {
    "criteria": {
      "has_stick": "2024-06-17 20:26:43 +0000"
    },
    "done": true
  },
  "swem:recipes/misc/pasture_fence_jungle": {
    "criteria": {
      "has_stick": "2024-06-17 20:26:43 +0000"
    },
    "done": true
  },
  "securitycraft:recipes/redstone/reinforced_acacia_fence_gate": {
    "criteria": {
      "has_stick": "2024-06-17 20:26:43 +0000"
    },
    "done": true
  },
  "securitycraft:recipes/misc/reinforced_cherry_fence": {
    "criteria": {
      "has_stick": "2024-06-17 20:26:43 +0000"
    },
    "done": true
  },
  "securitycraft:recipes/redstone/reinforced_warped_fence_gate": {
    "criteria": {
      "has_stick": "2024-06-17 20:26:43 +0000"
    },
    "done": true
  },
  "minecraft:recipes/tools/wooden_pickaxe": {
    "criteria": {
      "has_stick": "2024-06-17 20:26:43 +0000"
    },
    "done": true
  },
  "securitycraft:recipes/redstone/reinforced_mangrove_fence_gate": {
    "criteria": {
      "has_stick": "2024-06-17 20:26:43 +0000"
    },
    "done": true
  },
  "securitycraft:recipes/misc/reinforced_mangrove_fence": {
    "criteria": {
      "has_stick": "2024-06-17 20:26:43 +0000"
    },
    "done": true
  },
  "regions_unexplored:recipes/decorations/red_maple_shrub": {
    "criteria": {
      "has_red_maple_sapling": "2024-06-17 20:26:42 +0000"
    },
    "done": true
  },
  "swem:recipes/misc/western_fence_whitewash": {
    "criteria": {
      "has_stick": "2024-06-17 20:26:43 +0000"
    },
    "done": true
  },
  "minecraft:husbandry/balanced_diet": {
    "criteria": {
      "enchanted_golden_apple": "2024-06-17 20:26:55 +0000"
    },
    "done": false
  },
  "swem:recipes/misc/western_fence_dark_oak": {
    "criteria": {
      "has_stick": "2024-06-17 20:26:43 +0000"
    },
    "done": true
  },
  "swem:recipes/misc/pasture_fence_dark_oak": {
    "criteria": {
      "has_stick": "2024-06-17 20:26:43 +0000"
    },
    "done": true
  },
  "securitycraft:recipes/misc/reinforced_spruce_fence": {
    "criteria": {
      "has_stick": "2024-06-17 20:26:43 +0000"
    },
    "done": true
  },
  "minecraft:recipes/misc/mojang_banner_pattern": {
    "criteria": {
      "has_enchanted_golden_apple": "2024-06-17 20:25:51 +0000"
    },
    "done": true
  },
  "DataVersion": 3465
}