{
  "undead_revamp2:theundeadchallenges": {
    "criteria": {
      "theundeadchallenges": "2024-06-17 17:54:15 +0000"
    },
    "done": true
  },
  "minecraft:recipes/decorations/crafting_table": {
    "criteria": {
      "unlock_right_away": "2024-06-17 17:54:15 +0000"
    },
    "done": true
  },
  "mowziesmobs:root": {
    "criteria": {
      "custom_test_name": "2024-06-17 17:54:15 +0000"
    },
    "done": true
  },
  "tombstone:adventure/root": {
    "criteria": {
      "auto": "2024-06-17 17:54:16 +0000"
    },
    "done": true
  },
  "regions_unexplored:parent": {
    "criteria": {
      "load_in_world": "2024-06-17 17:54:16 +0000"
    },
    "done": true
  },
  "minecraft:adventure/adventuring_time": {
    "criteria": {
      "minecraft:snowy_slopes": "2024-06-17 17:56:47 +0000",
      "minecraft:frozen_river": "2024-06-17 17:56:02 +0000",
      "minecraft:cherry_grove": "2024-06-17 19:09:07 +0000",
      "minecraft:beach": "2024-06-18 00:22:19 +0000",
      "minecraft:river": "2024-06-17 19:07:40 +0000",
      "minecraft:snowy_plains": "2024-06-17 17:54:16 +0000",
      "minecraft:stony_shore": "2024-06-17 18:02:45 +0000",
      "minecraft:snowy_taiga": "2024-06-17 17:57:06 +0000",
      "minecraft:grove": "2024-06-17 17:57:09 +0000",
      "minecraft:cold_ocean": "2024-06-18 01:13:04 +0000",
      "minecraft:forest": "2024-06-17 18:04:16 +0000",
      "minecraft:frozen_ocean": "2024-06-18 02:28:57 +0000",
      "minecraft:ocean": "2024-06-18 00:05:24 +0000",
      "minecraft:deep_dark": "2024-06-18 01:15:42 +0000",
      "minecraft:plains": "2024-06-17 18:04:42 +0000"
    },
    "done": false
  },
  "spore:spore": {
    "criteria": {
      "requirement": "2024-06-17 17:55:42 +0000"
    },
    "done": true
  },
  "minecraft:recipes/decorations/snow": {
    "criteria": {
      "has_snowball": "2024-06-17 17:55:55 +0000"
    },
    "done": true
  },
  "minecraft:recipes/building_blocks/snow_block": {
    "criteria": {
      "has_snowball": "2024-06-17 17:55:55 +0000"
    },
    "done": true
  },
  "regions_unexplored:regions_explored": {
    "criteria": {
      "silver_birch_forest": "2024-06-17 20:29:27 +0000",
      "autumnal_maple_forest": "2024-06-17 18:04:35 +0000",
      "muddy_river": "2024-06-17 18:04:17 +0000",
      "willow_forest": "2024-06-17 20:33:21 +0000",
      "frozen_tundra": "2024-06-17 20:28:27 +0000",
      "grassy_beach": "2024-06-18 00:03:01 +0000",
      "rocky_meadow": "2024-06-17 20:31:59 +0000",
      "flower_fields": "2024-06-17 20:34:11 +0000",
      "frozen_pine_taiga": "2024-06-17 20:28:24 +0000",
      "maple_forest": "2024-06-17 20:29:18 +0000",
      "magnolia_highlands": "2024-06-17 20:32:05 +0000",
      "cold_boreal_taiga": "2024-06-18 02:30:46 +0000",
      "temperate_grove": "2024-06-17 23:57:57 +0000",
      "cold_river": "2024-06-17 18:04:34 +0000",
      "pumpkin_fields": "2024-06-17 18:09:38 +0000",
      "gravel_beach": "2024-06-19 04:47:18 +0000"
    },
    "done": false
  },
  "regions_unexplored:pioneer": {
    "criteria": {
      "silver_birch_forest": "2024-06-17 20:29:27 +0000",
      "autumnal_maple_forest": "2024-06-17 18:04:35 +0000",
      "muddy_river": "2024-06-17 18:04:17 +0000",
      "willow_forest": "2024-06-17 20:33:21 +0000",
      "frozen_tundra": "2024-06-17 20:28:27 +0000",
      "grassy_beach": "2024-06-18 00:03:01 +0000",
      "rocky_meadow": "2024-06-17 20:31:59 +0000",
      "flower_fields": "2024-06-17 20:34:11 +0000",
      "frozen_pine_taiga": "2024-06-17 20:28:24 +0000",
      "maple_forest": "2024-06-17 20:29:18 +0000",
      "magnolia_highlands": "2024-06-17 20:32:05 +0000",
      "cold_boreal_taiga": "2024-06-18 02:30:46 +0000",
      "temperate_grove": "2024-06-17 23:57:57 +0000",
      "cold_river": "2024-06-17 18:04:34 +0000",
      "pumpkin_fields": "2024-06-17 18:09:38 +0000",
      "gravel_beach": "2024-06-19 04:47:18 +0000"
    },
    "done": false
  },
  "regions_unexplored:recipes/transportation/maple_boat": {
    "criteria": {
      "in_water": "2024-06-17 18:16:58 +0000"
    },
    "done": true
  },
  "regions_unexplored:recipes/transportation/magnolia_boat": {
    "criteria": {
      "in_water": "2024-06-17 18:16:58 +0000"
    },
    "done": true
  },
  "minecraft:recipes/transportation/cherry_boat": {
    "criteria": {
      "in_water": "2024-06-17 18:16:58 +0000"
    },
    "done": true
  },
  "minecraft:recipes/transportation/bamboo_raft": {
    "criteria": {
      "in_water": "2024-06-17 18:16:58 +0000"
    },
    "done": true
  },
  "regions_unexplored:recipes/transportation/kapok_boat": {
    "criteria": {
      "in_water": "2024-06-17 18:16:58 +0000"
    },
    "done": true
  },
  "regions_unexplored:recipes/transportation/cypress_boat": {
    "criteria": {
      "in_water": "2024-06-17 18:16:58 +0000"
    },
    "done": true
  },
  "regions_unexplored:recipes/transportation/larch_boat": {
    "criteria": {
      "in_water": "2024-06-17 18:16:58 +0000"
    },
    "done": true
  },
  "minecraft:recipes/transportation/acacia_boat": {
    "criteria": {
      "in_water": "2024-06-17 18:16:58 +0000"
    },
    "done": true
  },
  "minecraft:recipes/transportation/jungle_boat": {
    "criteria": {
      "in_water": "2024-06-17 18:16:58 +0000"
    },
    "done": true
  },
  "regions_unexplored:recipes/transportation/blackwood_boat": {
    "criteria": {
      "in_water": "2024-06-17 18:16:58 +0000"
    },
    "done": true
  },
  "regions_unexplored:recipes/transportation/pine_boat": {
    "criteria": {
      "in_water": "2024-06-17 18:16:58 +0000"
    },
    "done": true
  },
  "regions_unexplored:recipes/transportation/eucalyptus_boat": {
    "criteria": {
      "in_water": "2024-06-17 18:16:58 +0000"
    },
    "done": true
  },
  "regions_unexplored:recipes/transportation/palm_boat": {
    "criteria": {
      "in_water": "2024-06-17 18:16:58 +0000"
    },
    "done": true
  },
  "regions_unexplored:recipes/transportation/socotra_boat": {
    "criteria": {
      "in_water": "2024-06-17 18:16:58 +0000"
    },
    "done": true
  },
  "minecraft:recipes/transportation/spruce_boat": {
    "criteria": {
      "in_water": "2024-06-17 18:16:58 +0000"
    },
    "done": true
  },
  "regions_unexplored:recipes/transportation/oak_boat": {
    "criteria": {
      "in_water": "2024-06-17 18:16:58 +0000"
    },
    "done": true
  },
  "minecraft:recipes/transportation/birch_boat": {
    "criteria": {
      "in_water": "2024-06-17 18:16:58 +0000"
    },
    "done": true
  },
  "regions_unexplored:recipes/transportation/dead_boat": {
    "criteria": {
      "in_water": "2024-06-17 18:16:58 +0000"
    },
    "done": true
  },
  "minecraft:recipes/transportation/oak_boat": {
    "criteria": {
      "in_water": "2024-06-17 18:16:58 +0000"
    },
    "done": true
  },
  "minecraft:recipes/transportation/mangrove_boat": {
    "criteria": {
      "in_water": "2024-06-17 18:16:58 +0000"
    },
    "done": true
  },
  "regions_unexplored:recipes/transportation/mauve_boat": {
    "criteria": {
      "in_water": "2024-06-17 18:16:58 +0000"
    },
    "done": true
  },
  "regions_unexplored:recipes/transportation/redwood_boat": {
    "criteria": {
      "in_water": "2024-06-17 18:16:58 +0000"
    },
    "done": true
  },
  "regions_unexplored:recipes/transportation/baobab_boat": {
    "criteria": {
      "in_water": "2024-06-17 18:16:58 +0000"
    },
    "done": true
  },
  "regions_unexplored:recipes/transportation/willow_boat": {
    "criteria": {
      "in_water": "2024-06-17 18:16:58 +0000"
    },
    "done": true
  },
  "regions_unexplored:recipes/transportation/joshua_boat": {
    "criteria": {
      "in_water": "2024-06-17 18:16:58 +0000"
    },
    "done": true
  },
  "minecraft:recipes/transportation/dark_oak_boat": {
    "criteria": {
      "in_water": "2024-06-17 18:16:58 +0000"
    },
    "done": true
  },
  "minecraft:adventure/root": {
    "criteria": {
      "killed_something": "2024-06-17 18:44:29 +0000"
    },
    "done": true
  },
  "regions_unexplored:recipes/building_blocks/lime_painted_planks": {
    "criteria": {
      "has_planks": "2024-06-17 19:10:12 +0000"
    },
    "done": true
  },
  "furnitura:recipes/misc/spruce_shelf_extenders": {
    "criteria": {
      "has_spruce_planks": "2024-06-17 19:10:12 +0000"
    },
    "done": true
  },
  "furnitura:recipes/misc/spruce_crate": {
    "criteria": {
      "has_spruce_planks": "2024-06-17 19:10:12 +0000"
    },
    "done": true
  },
  "furnitura:recipes/misc/small_table_spruce": {
    "criteria": {
      "has_spruce_planks": "2024-06-17 19:10:12 +0000"
    },
    "done": true
  },
  "regions_unexplored:recipes/building_blocks/brown_painted_planks": {
    "criteria": {
      "has_planks": "2024-06-17 19:10:12 +0000"
    },
    "done": true
  },
  "minecraft:recipes/misc/stick": {
    "criteria": {
      "has_planks": "2024-06-17 19:10:12 +0000"
    },
    "done": true
  },
  "furnitura:recipes/misc/spruce_shelf": {
    "criteria": {
      "has_spruce_planks": "2024-06-17 19:10:12 +0000"
    },
    "done": true
  },
  "regions_unexplored:recipes/building_blocks/black_painted_planks": {
    "criteria": {
      "has_planks": "2024-06-17 19:10:12 +0000"
    },
    "done": true
  },
  "minecraft:recipes/decorations/spruce_fence": {
    "criteria": {
      "has_planks": "2024-06-17 19:10:12 +0000"
    },
    "done": true
  },
  "regions_unexplored:recipes/building_blocks/cyan_painted_planks": {
    "criteria": {
      "has_planks": "2024-06-17 19:10:12 +0000"
    },
    "done": true
  },
  "furnitura:recipes/misc/single_leg_table_spruce": {
    "criteria": {
      "has_spruce_planks": "2024-06-17 19:10:12 +0000"
    },
    "done": true
  },
  "minecraft:recipes/redstone/spruce_button": {
    "criteria": {
      "has_planks": "2024-06-17 19:10:12 +0000"
    },
    "done": true
  },
  "minecraft:recipes/redstone/spruce_pressure_plate": {
    "criteria": {
      "has_planks": "2024-06-17 19:10:12 +0000"
    },
    "done": true
  },
  "furnitura:recipes/misc/spruce_table": {
    "criteria": {
      "has_spruce_planks": "2024-06-17 19:10:12 +0000"
    },
    "done": true
  },
  "regions_unexplored:recipes/building_blocks/blue_painted_planks": {
    "criteria": {
      "has_planks": "2024-06-17 19:10:12 +0000"
    },
    "done": true
  },
  "furnitura:recipes/misc/spruce_cabinet": {
    "criteria": {
      "has_spruce_planks": "2024-06-17 19:10:12 +0000"
    },
    "done": true
  },
  "minecraft:recipes/decorations/barrel": {
    "criteria": {
      "has_planks": "2024-06-17 19:10:12 +0000"
    },
    "done": true
  },
  "furnitura:recipes/misc/spruce_chair": {
    "criteria": {
      "has_spruce_planks": "2024-06-17 19:10:12 +0000"
    },
    "done": true
  },
  "regions_unexplored:recipes/building_blocks/orange_painted_planks": {
    "criteria": {
      "has_planks": "2024-06-17 19:10:12 +0000"
    },
    "done": true
  },
  "furnitura:recipes/misc/spruce_stool": {
    "criteria": {
      "has_spruce_planks": "2024-06-17 19:10:12 +0000"
    },
    "done": true
  },
  "regions_unexplored:recipes/building_blocks/gray_painted_planks": {
    "criteria": {
      "has_planks": "2024-06-17 19:10:12 +0000"
    },
    "done": true
  },
  "regions_unexplored:recipes/building_blocks/red_painted_planks": {
    "criteria": {
      "has_planks": "2024-06-17 19:10:12 +0000"
    },
    "done": true
  },
  "regions_unexplored:recipes/building_blocks/green_painted_planks": {
    "criteria": {
      "has_planks": "2024-06-17 19:10:12 +0000"
    },
    "done": true
  },
  "minecraft:recipes/decorations/spruce_sign": {
    "criteria": {
      "has_planks": "2024-06-17 19:10:12 +0000"
    },
    "done": true
  },
  "regions_unexplored:recipes/building_blocks/white_painted_planks": {
    "criteria": {
      "has_planks": "2024-06-17 19:10:12 +0000"
    },
    "done": true
  },
  "regions_unexplored:recipes/building_blocks/light_gray_painted_planks": {
    "criteria": {
      "has_planks": "2024-06-17 19:10:12 +0000"
    },
    "done": true
  },
  "furnitura:recipes/misc/spruce_stump": {
    "criteria": {
      "has_spruce_planks": "2024-06-17 19:10:12 +0000"
    },
    "done": true
  },
  "regions_unexplored:recipes/building_blocks/light_blue_painted_planks": {
    "criteria": {
      "has_planks": "2024-06-17 19:10:12 +0000"
    },
    "done": true
  },
  "regions_unexplored:recipes/building_blocks/yellow_painted_planks": {
    "criteria": {
      "has_planks": "2024-06-17 19:10:12 +0000"
    },
    "done": true
  },
  "regions_unexplored:recipes/building_blocks/purple_painted_planks": {
    "criteria": {
      "has_planks": "2024-06-17 19:10:12 +0000"
    },
    "done": true
  },
  "furnitura:recipes/misc/spruce_mailbox": {
    "criteria": {
      "has_spruce_planks": "2024-06-17 19:10:12 +0000"
    },
    "done": true
  },
  "minecraft:recipes/building_blocks/spruce_slab": {
    "criteria": {
      "has_planks": "2024-06-17 19:10:12 +0000"
    },
    "done": true
  },
  "regions_unexplored:recipes/building_blocks/pink_painted_planks": {
    "criteria": {
      "has_planks": "2024-06-17 19:10:12 +0000"
    },
    "done": true
  },
  "furnitura:recipes/misc/spruce_log_shelf": {
    "criteria": {
      "has_spruce_planks": "2024-06-17 19:10:12 +0000"
    },
    "done": true
  },
  "regions_unexplored:recipes/building_blocks/magenta_painted_planks": {
    "criteria": {
      "has_planks": "2024-06-17 19:10:12 +0000"
    },
    "done": true
  },
  "minecraft:recipes/redstone/spruce_trapdoor": {
    "criteria": {
      "has_planks": "2024-06-17 19:10:12 +0000"
    },
    "done": true
  },
  "minecraft:recipes/redstone/spruce_door": {
    "criteria": {
      "has_planks": "2024-06-17 19:10:12 +0000"
    },
    "done": true
  },
  "minecraft:recipes/redstone/spruce_fence_gate": {
    "criteria": {
      "has_planks": "2024-06-17 19:10:12 +0000"
    },
    "done": true
  },
  "furnitura:recipes/misc/spruce_park_bench": {
    "criteria": {
      "has_spruce_planks": "2024-06-17 19:10:12 +0000"
    },
    "done": true
  },
  "minecraft:recipes/building_blocks/spruce_stairs": {
    "criteria": {
      "has_planks": "2024-06-17 19:10:12 +0000"
    },
    "done": true
  },
  "furnitura:recipes/misc/spruce_desk": {
    "criteria": {
      "has_spruce_planks": "2024-06-17 19:10:12 +0000"
    },
    "done": true
  },
  "minecraft:recipes/decorations/chest": {
    "criteria": {
      "has_lots_of_items": "2024-06-17 20:25:41 +0000"
    },
    "done": true
  },
  "minecraft:recipes/misc/mojang_banner_pattern": {
    "criteria": {
      "has_enchanted_golden_apple": "2024-06-17 20:25:51 +0000"
    },
    "done": true
  },
  "regions_unexplored:recipes/decorations/maple_branch_from_maple_log": {
    "criteria": {
      "has_log": "2024-06-17 20:26:42 +0000"
    },
    "done": true
  },
  "minecraft:recipes/misc/charcoal": {
    "criteria": {
      "has_log": "2024-06-17 20:26:42 +0000"
    },
    "done": true
  },
  "regions_unexplored:recipes/building_blocks/maple_wood": {
    "criteria": {
      "has_log": "2024-06-17 20:26:42 +0000"
    },
    "done": true
  },
  "securitycraft:recipes/misc/sc_manual": {
    "criteria": {
      "has_wood": "2024-06-17 20:26:42 +0000"
    },
    "done": true
  },
  "regions_unexplored:got_wood": {
    "criteria": {
      "maple_log": "2024-06-17 20:26:42 +0000"
    },
    "done": false
  },
  "regions_unexplored:recipes/building_blocks/maple_planks": {
    "criteria": {
      "has_logs": "2024-06-17 20:26:42 +0000"
    },
    "done": true
  },
  "regions_unexplored:recipes/decorations/red_maple_shrub": {
    "criteria": {
      "has_red_maple_sapling": "2024-06-17 20:26:42 +0000"
    },
    "done": true
  },
  "minecraft:recipes/decorations/ladder": {
    "criteria": {
      "has_stick": "2024-06-17 20:26:43 +0000"
    },
    "done": true
  },
  "securitycraft:recipes/redstone/reinforced_birch_fence_gate": {
    "criteria": {
      "has_stick": "2024-06-17 20:26:43 +0000"
    },
    "done": true
  },
  "securitycraft:recipes/redstone/reinforced_crimson_fence_gate": {
    "criteria": {
      "has_stick": "2024-06-17 20:26:43 +0000"
    },
    "done": true
  },
  "securitycraft:recipes/misc/motion_activated_light": {
    "criteria": {
      "has_stick": "2024-06-17 20:26:43 +0000"
    },
    "done": true
  },
  "securitycraft:recipes/redstone/reinforced_jungle_fence_gate": {
    "criteria": {
      "has_stick": "2024-06-17 20:26:43 +0000"
    },
    "done": true
  },
  "regions_unexplored:recipes/decorations/maple_shrub": {
    "criteria": {
      "has_maple_sapling": "2024-06-17 20:26:43 +0000"
    },
    "done": true
  },
  "minecraft:recipes/tools/wooden_axe": {
    "criteria": {
      "has_stick": "2024-06-17 20:26:43 +0000"
    },
    "done": true
  },
  "swem:recipes/misc/western_fence_acacia": {
    "criteria": {
      "has_stick": "2024-06-17 20:26:43 +0000"
    },
    "done": true
  },
  "securitycraft:recipes/redstone/reinforced_spruce_fence_gate": {
    "criteria": {
      "has_stick": "2024-06-17 20:26:43 +0000"
    },
    "done": true
  },
  "securitycraft:recipes/misc/reinforced_acacia_fence": {
    "criteria": {
      "has_stick": "2024-06-17 20:26:43 +0000"
    },
    "done": true
  },
  "swem:recipes/misc/pasture_fence_whitewash": {
    "criteria": {
      "has_stick": "2024-06-17 20:26:43 +0000"
    },
    "done": true
  },
  "securitycraft:recipes/redstone/reinforced_bamboo_fence_gate": {
    "criteria": {
      "has_stick": "2024-06-17 20:26:43 +0000"
    },
    "done": true
  },
  "minecraft:recipes/decorations/campfire": {
    "criteria": {
      "has_stick": "2024-06-17 20:26:43 +0000"
    },
    "done": true
  },
  "minecraft:recipes/tools/wooden_hoe": {
    "criteria": {
      "has_stick": "2024-06-17 20:26:43 +0000"
    },
    "done": true
  },
  "swem:recipes/misc/western_fence_spruce": {
    "criteria": {
      "has_stick": "2024-06-17 20:26:43 +0000"
    },
    "done": true
  },
  "securitycraft:recipes/misc/sonic_security_system": {
    "criteria": {
      "has_stick": "2024-06-17 20:26:43 +0000"
    },
    "done": true
  },
  "swem:recipes/misc/pasture_fence_acacia": {
    "criteria": {
      "has_stick": "2024-06-17 20:26:43 +0000"
    },
    "done": true
  },
  "minecraft:recipes/tools/wooden_shovel": {
    "criteria": {
      "has_stick": "2024-06-17 20:26:43 +0000"
    },
    "done": true
  },
  "securitycraft:recipes/redstone/reinforced_dark_oak_fence_gate": {
    "criteria": {
      "has_stick": "2024-06-17 20:26:43 +0000"
    },
    "done": true
  },
  "minecraft:recipes/combat/wooden_sword": {
    "criteria": {
      "has_stick": "2024-06-17 20:26:43 +0000"
    },
    "done": true
  },
  "securitycraft:recipes/misc/reinforced_birch_fence": {
    "criteria": {
      "has_stick": "2024-06-17 20:26:43 +0000"
    },
    "done": true
  },
  "securitycraft:recipes/misc/reinforced_dark_oak_fence": {
    "criteria": {
      "has_stick": "2024-06-17 20:26:43 +0000"
    },
    "done": true
  },
  "securitycraft:recipes/misc/reinforced_oak_fence": {
    "criteria": {
      "has_stick": "2024-06-17 20:26:43 +0000"
    },
    "done": true
  },
  "swem:recipes/misc/western_fence_oak": {
    "criteria": {
      "has_stick": "2024-06-17 20:26:43 +0000"
    },
    "done": true
  },
  "securitycraft:recipes/redstone/reinforced_oak_fence_gate": {
    "criteria": {
      "has_stick": "2024-06-17 20:26:43 +0000"
    },
    "done": true
  },
  "securitycraft:recipes/misc/reinforced_bamboo_fence": {
    "criteria": {
      "has_stick": "2024-06-17 20:26:43 +0000"
    },
    "done": true
  },
  "securitycraft:recipes/misc/reinforced_crimson_fence": {
    "criteria": {
      "has_stick": "2024-06-17 20:26:43 +0000"
    },
    "done": true
  },
  "swem:recipes/misc/pasture_fence_spruce": {
    "criteria": {
      "has_stick": "2024-06-17 20:26:43 +0000"
    },
    "done": true
  },
  "swem:recipes/misc/western_fence_jungle": {
    "criteria": {
      "has_stick": "2024-06-17 20:26:43 +0000"
    },
    "done": true
  },
  "securitycraft:recipes/misc/reinforced_jungle_fence": {
    "criteria": {
      "has_stick": "2024-06-17 20:26:43 +0000"
    },
    "done": true
  },
  "securitycraft:recipes/misc/reinforced_warped_fence": {
    "criteria": {
      "has_stick": "2024-06-17 20:26:43 +0000"
    },
    "done": true
  },
  "swem:recipes/misc/pasture_fence_oak": {
    "criteria": {
      "has_stick": "2024-06-17 20:26:43 +0000"
    },
    "done": true
  },
  "swem:recipes/misc/pasture_fence_birch": {
    "criteria": {
      "has_stick": "2024-06-17 20:26:43 +0000"
    },
    "done": true
  },
  "securitycraft:recipes/redstone/reinforced_cherry_fence_gate": {
    "criteria": {
      "has_stick": "2024-06-17 20:26:43 +0000"
    },
    "done": true
  },
  "swem:recipes/misc/western_fence_birch": {
    "criteria": {
      "has_stick": "2024-06-17 20:26:43 +0000"
    },
    "done": true
  },
  "swem:recipes/misc/pasture_fence_jungle": {
    "criteria": {
      "has_stick": "2024-06-17 20:26:43 +0000"
    },
    "done": true
  },
  "securitycraft:recipes/redstone/reinforced_acacia_fence_gate": {
    "criteria": {
      "has_stick": "2024-06-17 20:26:43 +0000"
    },
    "done": true
  },
  "securitycraft:recipes/misc/reinforced_cherry_fence": {
    "criteria": {
      "has_stick": "2024-06-17 20:26:43 +0000"
    },
    "done": true
  },
  "securitycraft:recipes/redstone/reinforced_warped_fence_gate": {
    "criteria": {
      "has_stick": "2024-06-17 20:26:43 +0000"
    },
    "done": true
  },
  "minecraft:recipes/tools/wooden_pickaxe": {
    "criteria": {
      "has_stick": "2024-06-17 20:26:43 +0000"
    },
    "done": true
  },
  "securitycraft:recipes/redstone/reinforced_mangrove_fence_gate": {
    "criteria": {
      "has_stick": "2024-06-17 20:26:43 +0000"
    },
    "done": true
  },
  "securitycraft:recipes/misc/reinforced_mangrove_fence": {
    "criteria": {
      "has_stick": "2024-06-17 20:26:43 +0000"
    },
    "done": true
  },
  "swem:recipes/misc/western_fence_whitewash": {
    "criteria": {
      "has_stick": "2024-06-17 20:26:43 +0000"
    },
    "done": true
  },
  "swem:recipes/misc/western_fence_dark_oak": {
    "criteria": {
      "has_stick": "2024-06-17 20:26:43 +0000"
    },
    "done": true
  },
  "swem:recipes/misc/pasture_fence_dark_oak": {
    "criteria": {
      "has_stick": "2024-06-17 20:26:43 +0000"
    },
    "done": true
  },
  "securitycraft:recipes/misc/reinforced_spruce_fence": {
    "criteria": {
      "has_stick": "2024-06-17 20:26:43 +0000"
    },
    "done": true
  },
  "minecraft:husbandry/root": {
    "criteria": {
      "consumed_item": "2024-06-17 20:26:55 +0000"
    },
    "done": true
  },
  "minecraft:husbandry/balanced_diet": {
    "criteria": {
      "enchanted_golden_apple": "2024-06-17 20:26:55 +0000"
    },
    "done": false
  },
  "securitycraft:recipes/building_blocks/reinforced_packed_mud": {
    "criteria": {
      "has_wheat": "2024-06-18 00:05:17 +0000"
    },
    "done": true
  },
  "minecraft:recipes/food/bread": {
    "criteria": {
      "has_wheat": "2024-06-18 00:05:17 +0000"
    },
    "done": true
  },
  "minecraft:recipes/building_blocks/hay_block": {
    "criteria": {
      "has_wheat": "2024-06-18 00:05:17 +0000"
    },
    "done": true
  },
  "furnitura:recipes/misc/jungle_chair": {
    "criteria": {
      "has_jungle_planks": "2024-06-18 00:08:00 +0000"
    },
    "done": true
  },
  "furnitura:recipes/misc/jungle_desk": {
    "criteria": {
      "has_jungle_planks": "2024-06-18 00:08:00 +0000"
    },
    "done": true
  },
  "furnitura:recipes/misc/jungle_stool": {
    "criteria": {
      "has_jungle_planks": "2024-06-18 00:08:00 +0000"
    },
    "done": true
  },
  "minecraft:recipes/building_blocks/jungle_stairs": {
    "criteria": {
      "has_planks": "2024-06-18 00:08:00 +0000"
    },
    "done": true
  },
  "minecraft:recipes/redstone/jungle_trapdoor": {
    "criteria": {
      "has_planks": "2024-06-18 00:08:00 +0000"
    },
    "done": true
  },
  "minecraft:recipes/decorations/jungle_sign": {
    "criteria": {
      "has_planks": "2024-06-18 00:08:00 +0000"
    },
    "done": true
  },
  "furnitura:recipes/misc/single_leg_table_jungle": {
    "criteria": {
      "has_jungle_planks": "2024-06-18 00:08:00 +0000"
    },
    "done": true
  },
  "minecraft:recipes/redstone/jungle_door": {
    "criteria": {
      "has_planks": "2024-06-18 00:08:00 +0000"
    },
    "done": true
  },
  "minecraft:recipes/decorations/jungle_fence": {
    "criteria": {
      "has_planks": "2024-06-18 00:08:00 +0000"
    },
    "done": true
  },
  "furnitura:recipes/misc/jungle_stump": {
    "criteria": {
      "has_jungle_planks": "2024-06-18 00:08:00 +0000"
    },
    "done": true
  },
  "minecraft:recipes/building_blocks/jungle_slab": {
    "criteria": {
      "has_planks": "2024-06-18 00:08:00 +0000"
    },
    "done": true
  },
  "furnitura:recipes/misc/jungle_mailbox": {
    "criteria": {
      "has_jungle_planks": "2024-06-18 00:08:00 +0000"
    },
    "done": true
  },
  "furnitura:recipes/misc/jungle_shelf_extenders": {
    "criteria": {
      "has_jungle_planks": "2024-06-18 00:08:00 +0000"
    },
    "done": true
  },
  "furnitura:recipes/misc/jungle_crate": {
    "criteria": {
      "has_jungle_planks": "2024-06-18 00:08:00 +0000"
    },
    "done": true
  },
  "minecraft:recipes/redstone/jungle_button": {
    "criteria": {
      "has_planks": "2024-06-18 00:08:00 +0000"
    },
    "done": true
  },
  "minecraft:recipes/redstone/jungle_fence_gate": {
    "criteria": {
      "has_planks": "2024-06-18 00:08:00 +0000"
    },
    "done": true
  },
  "furnitura:recipes/misc/jungle_log_shelf": {
    "criteria": {
      "has_jungle_planks": "2024-06-18 00:08:00 +0000"
    },
    "done": true
  },
  "furnitura:recipes/misc/jungle_cabinet": {
    "criteria": {
      "has_jungle_planks": "2024-06-18 00:08:00 +0000"
    },
    "done": true
  },
  "furnitura:recipes/misc/jungle_shelf": {
    "criteria": {
      "has_jungle_planks": "2024-06-18 00:08:00 +0000"
    },
    "done": true
  },
  "furnitura:recipes/misc/jungle_table": {
    "criteria": {
      "has_jungle_planks": "2024-06-18 00:08:00 +0000"
    },
    "done": true
  },
  "furnitura:recipes/misc/jungle_park_bench": {
    "criteria": {
      "has_jungle_planks": "2024-06-18 00:08:00 +0000"
    },
    "done": true
  },
  "minecraft:recipes/redstone/jungle_pressure_plate": {
    "criteria": {
      "has_planks": "2024-06-18 00:08:00 +0000"
    },
    "done": true
  },
  "furnitura:recipes/misc/small_table_jungle": {
    "criteria": {
      "has_jungle_planks": "2024-06-18 00:08:00 +0000"
    },
    "done": true
  },
  "minecraft:recipes/building_blocks/dark_prismarine_stairs_from_dark_prismarine_stonecutting": {
    "criteria": {
      "has_dark_prismarine": "2024-06-18 00:09:06 +0000"
    },
    "done": true
  },
  "minecraft:recipes/building_blocks/dark_prismarine_slab_from_dark_prismarine_stonecutting": {
    "criteria": {
      "has_dark_prismarine": "2024-06-18 00:09:06 +0000"
    },
    "done": true
  },
  "minecraft:recipes/building_blocks/dark_prismarine_stairs": {
    "criteria": {
      "has_dark_prismarine": "2024-06-18 00:09:06 +0000"
    },
    "done": true
  },
  "minecraft:recipes/building_blocks/dark_prismarine_slab": {
    "criteria": {
      "has_dark_prismarine": "2024-06-18 00:09:06 +0000"
    },
    "done": true
  },
  "minecraft:adventure/kill_all_mobs": {
    "criteria": {
      "minecraft:skeleton": "2024-06-18 01:03:44 +0000",
      "minecraft:zoglin": "2024-06-19 04:56:47 +0000",
      "minecraft:ghast": "2024-06-19 04:55:15 +0000",
      "minecraft:creeper": "2024-06-18 01:06:34 +0000",
      "minecraft:phantom": "2024-06-18 00:11:30 +0000",
      "minecraft:zombified_piglin": "2024-06-19 04:55:45 +0000",
      "minecraft:wither_skeleton": "2024-06-19 04:54:19 +0000",
      "minecraft:stray": "2024-06-18 02:27:46 +0000",
      "minecraft:enderman": "2024-06-19 04:53:48 +0000",
      "minecraft:zombie": "2024-06-18 02:27:45 +0000"
    },
    "done": false
  },
  "tombstone:adventure/first_knowledge": {
    "criteria": {
      "coded_trigger": "2024-06-18 00:11:30 +0000"
    },
    "done": true
  },
  "tombstone:adventure/ambush": {
    "criteria": {
      "coded_trigger": "2024-06-18 00:11:30 +0000"
    },
    "done": true
  },
  "minecraft:adventure/kill_a_mob": {
    "criteria": {
      "minecraft:phantom": "2024-06-18 00:11:30 +0000"
    },
    "done": true
  },
  "minecraft:recipes/misc/bone_meal": {
    "criteria": {
      "has_bone": "2024-06-18 00:13:15 +0000"
    },
    "done": true
  },
  "minecraft:recipes/combat/diamond_sword": {
    "criteria": {
      "has_diamond": "2024-06-18 00:33:07 +0000"
    },
    "done": true
  },
  "minecraft:recipes/decorations/jukebox": {
    "criteria": {
      "has_diamond": "2024-06-18 00:33:07 +0000"
    },
    "done": true
  },
  "minecraft:recipes/combat/diamond_chestplate": {
    "criteria": {
      "has_diamond": "2024-06-18 00:33:07 +0000"
    },
    "done": true
  },
  "minecraft:recipes/tools/diamond_pickaxe": {
    "criteria": {
      "has_diamond": "2024-06-18 00:33:07 +0000"
    },
    "done": true
  },
  "swem:recipes/misc/plate_diamond": {
    "criteria": {
      "has_ingredient": "2024-06-18 00:33:07 +0000"
    },
    "done": true
  },
  "minecraft:recipes/tools/diamond_hoe": {
    "criteria": {
      "has_diamond": "2024-06-18 00:33:07 +0000"
    },
    "done": true
  },
  "minecraft:recipes/tools/diamond_shovel": {
    "criteria": {
      "has_diamond": "2024-06-18 00:33:07 +0000"
    },
    "done": true
  },
  "minecraft:recipes/combat/diamond_helmet": {
    "criteria": {
      "has_diamond": "2024-06-18 00:33:07 +0000"
    },
    "done": true
  },
  "minecraft:recipes/building_blocks/diamond_block": {
    "criteria": {
      "has_diamond": "2024-06-18 00:33:07 +0000"
    },
    "done": true
  },
  "minecraft:story/mine_diamond": {
    "criteria": {
      "diamond": "2024-06-18 00:33:07 +0000"
    },
    "done": true
  },
  "minecraft:recipes/combat/diamond_leggings": {
    "criteria": {
      "has_diamond": "2024-06-18 00:33:07 +0000"
    },
    "done": true
  },
  "justhammers:recipes/tools/diamond_hammer": {
    "criteria": {
      "has_material": "2024-06-18 00:33:07 +0000"
    },
    "done": true
  },
  "minecraft:recipes/combat/diamond_boots": {
    "criteria": {
      "has_diamond": "2024-06-18 00:33:07 +0000"
    },
    "done": true
  },
  "swem:recipes/misc/rivet_diamond": {
    "criteria": {
      "has_ingredient": "2024-06-18 00:33:07 +0000"
    },
    "done": true
  },
  "minecraft:recipes/tools/diamond_axe": {
    "criteria": {
      "has_diamond": "2024-06-18 00:33:07 +0000"
    },
    "done": true
  },
  "minecraft:recipes/tools/recovery_compass": {
    "criteria": {
      "has_echo_shard": "2024-06-18 00:33:09 +0000"
    },
    "done": true
  },
  "deep_dark_regrowth:loot_chest": {
    "criteria": {
      "loot_chest": "2024-06-18 00:33:10 +0000"
    },
    "done": true
  },
  "minecraft:recipes/redstone/dispenser": {
    "criteria": {
      "has_bow": "2024-06-18 01:03:45 +0000"
    },
    "done": true
  },
  "securitycraft:recipes/redstone/reinforced_dispenser": {
    "criteria": {
      "has_bow": "2024-06-18 01:03:45 +0000"
    },
    "done": true
  },
  "deep_dark_regrowth:the_forgotten_story": {
    "criteria": {
      "the_forgotten_story": "2024-06-18 01:15:42 +0000"
    },
    "done": true
  },
  "minecraft:recipes/brewing/cauldron": {
    "criteria": {
      "has_water_bucket": "2024-06-18 01:26:09 +0000"
    },
    "done": true
  },
  "minecraft:recipes/building_blocks/red_concrete_powder": {
    "criteria": {
      "has_sand": "2024-06-18 01:26:54 +0000"
    },
    "done": true
  },
  "minecraft:recipes/building_blocks/green_concrete_powder": {
    "criteria": {
      "has_sand": "2024-06-18 01:26:54 +0000"
    },
    "done": true
  },
  "minecraft:recipes/building_blocks/blue_concrete_powder": {
    "criteria": {
      "has_sand": "2024-06-18 01:26:54 +0000"
    },
    "done": true
  },
  "minecraft:recipes/building_blocks/lime_concrete_powder": {
    "criteria": {
      "has_sand": "2024-06-18 01:26:54 +0000"
    },
    "done": true
  },
  "minecraft:recipes/building_blocks/orange_concrete_powder": {
    "criteria": {
      "has_sand": "2024-06-18 01:26:54 +0000"
    },
    "done": true
  },
  "minecraft:recipes/building_blocks/magenta_concrete_powder": {
    "criteria": {
      "has_sand": "2024-06-18 01:26:54 +0000"
    },
    "done": true
  },
  "minecraft:recipes/building_blocks/black_concrete_powder": {
    "criteria": {
      "has_sand": "2024-06-18 01:26:54 +0000"
    },
    "done": true
  },
  "minecraft:recipes/building_blocks/purple_concrete_powder": {
    "criteria": {
      "has_sand": "2024-06-18 01:26:54 +0000"
    },
    "done": true
  },
  "minecraft:recipes/building_blocks/cyan_concrete_powder": {
    "criteria": {
      "has_sand": "2024-06-18 01:26:54 +0000"
    },
    "done": true
  },
  "minecraft:recipes/building_blocks/light_gray_concrete_powder": {
    "criteria": {
      "has_sand": "2024-06-18 01:26:54 +0000"
    },
    "done": true
  },
  "minecraft:recipes/building_blocks/pink_concrete_powder": {
    "criteria": {
      "has_sand": "2024-06-18 01:26:54 +0000"
    },
    "done": true
  },
  "minecraft:recipes/building_blocks/brown_concrete_powder": {
    "criteria": {
      "has_sand": "2024-06-18 01:26:54 +0000"
    },
    "done": true
  },
  "minecraft:recipes/building_blocks/light_blue_concrete_powder": {
    "criteria": {
      "has_sand": "2024-06-18 01:26:54 +0000"
    },
    "done": true
  },
  "minecraft:recipes/building_blocks/glass": {
    "criteria": {
      "has_smelts_to_glass": "2024-06-18 01:26:54 +0000"
    },
    "done": true
  },
  "minecraft:recipes/building_blocks/white_concrete_powder": {
    "criteria": {
      "has_sand": "2024-06-18 01:26:54 +0000"
    },
    "done": true
  },
  "minecraft:recipes/building_blocks/yellow_concrete_powder": {
    "criteria": {
      "has_sand": "2024-06-18 01:26:54 +0000"
    },
    "done": true
  },
  "minecraft:recipes/building_blocks/sandstone": {
    "criteria": {
      "has_sand": "2024-06-18 01:26:54 +0000"
    },
    "done": true
  },
  "minecraft:recipes/building_blocks/gray_concrete_powder": {
    "criteria": {
      "has_sand": "2024-06-18 01:26:54 +0000"
    },
    "done": true
  },
  "regions_unexplored:recipes/building_blocks/deepslate_viridescent_nylium": {
    "criteria": {
      "has_deepslate": "2024-06-18 01:34:10 +0000"
    },
    "done": true
  },
  "regions_unexplored:recipes/building_blocks/deepslate_prismoss": {
    "criteria": {
      "has_deepslate": "2024-06-18 01:34:10 +0000"
    },
    "done": true
  },
  "regions_unexplored:recipes/building_blocks/deepslate_grass_block": {
    "criteria": {
      "has_deepslate": "2024-06-18 01:34:10 +0000"
    },
    "done": true
  },
  "swem:recipes/misc/rivet_copper": {
    "criteria": {
      "has_ingredient": "2024-06-18 01:35:45 +0000"
    },
    "done": true
  },
  "minecraft:recipes/redstone/lightning_rod": {
    "criteria": {
      "has_copper_ingot": "2024-06-18 01:35:45 +0000"
    },
    "done": true
  },
  "minecraft:recipes/building_blocks/copper_block": {
    "criteria": {
      "has_copper_ingot": "2024-06-18 01:35:45 +0000"
    },
    "done": true
  },
  "minecraft:recipes/tools/brush": {
    "criteria": {
      "has_copper_ingot": "2024-06-18 01:35:45 +0000"
    },
    "done": true
  },
  "swem:recipes/misc/plate_copper": {
    "criteria": {
      "has_ingredient": "2024-06-18 01:35:45 +0000"
    },
    "done": true
  },
  "minecraft:recipes/building_blocks/polished_deepslate": {
    "criteria": {
      "has_cobbled_deepslate": "2024-06-18 01:36:39 +0000"
    },
    "done": true
  },
  "minecraft:recipes/building_blocks/deepslate_tile_stairs_from_cobbled_deepslate_stonecutting": {
    "criteria": {
      "has_cobbled_deepslate": "2024-06-18 01:36:39 +0000"
    },
    "done": true
  },
  "minecraft:story/mine_stone": {
    "criteria": {
      "get_stone": "2024-06-18 01:36:39 +0000"
    },
    "done": true
  },
  "minecraft:recipes/decorations/furnace": {
    "criteria": {
      "has_cobblestone": "2024-06-18 01:36:39 +0000"
    },
    "done": true
  },
  "securitycraft:recipes/building_blocks/reinforced_andesite_with_vanilla_diorite": {
    "criteria": {
      "has_cobblestone": "2024-06-18 01:36:39 +0000"
    },
    "done": true
  },
  "minecraft:recipes/building_blocks/cobbled_deepslate_slab": {
    "criteria": {
      "has_cobbled_deepslate": "2024-06-18 01:36:39 +0000"
    },
    "done": true
  },
  "securitycraft:recipes/building_blocks/reinforced_andesite_with_vanilla_cobblestone": {
    "criteria": {
      "has_cobblestone": "2024-06-18 01:36:39 +0000"
    },
    "done": true
  },
  "minecraft:recipes/building_blocks/polished_deepslate_stairs_from_cobbled_deepslate_stonecutting": {
    "criteria": {
      "has_cobbled_deepslate": "2024-06-18 01:36:39 +0000"
    },
    "done": true
  },
  "minecraft:recipes/decorations/deepslate_brick_wall_from_cobbled_deepslate_stonecutting": {
    "criteria": {
      "has_cobbled_deepslate": "2024-06-18 01:36:39 +0000"
    },
    "done": true
  },
  "minecraft:recipes/building_blocks/polished_deepslate_from_cobbled_deepslate_stonecutting": {
    "criteria": {
      "has_cobbled_deepslate": "2024-06-18 01:36:39 +0000"
    },
    "done": true
  },
  "minecraft:recipes/tools/stone_pickaxe": {
    "criteria": {
      "has_cobblestone": "2024-06-18 01:36:39 +0000"
    },
    "done": true
  },
  "minecraft:recipes/building_blocks/cobbled_deepslate_slab_from_cobbled_deepslate_stonecutting": {
    "criteria": {
      "has_cobbled_deepslate": "2024-06-18 01:36:39 +0000"
    },
    "done": true
  },
  "minecraft:recipes/building_blocks/deepslate_tile_slab_from_cobbled_deepslate_stonecutting": {
    "criteria": {
      "has_cobbled_deepslate": "2024-06-18 01:36:39 +0000"
    },
    "done": true
  },
  "minecraft:recipes/decorations/deepslate_tile_wall_from_cobbled_deepslate_stonecutting": {
    "criteria": {
      "has_cobbled_deepslate": "2024-06-18 01:36:39 +0000"
    },
    "done": true
  },
  "minecraft:recipes/tools/stone_shovel": {
    "criteria": {
      "has_cobblestone": "2024-06-18 01:36:39 +0000"
    },
    "done": true
  },
  "minecraft:recipes/building_blocks/deepslate_brick_stairs_from_cobbled_deepslate_stonecutting": {
    "criteria": {
      "has_cobbled_deepslate": "2024-06-18 01:36:39 +0000"
    },
    "done": true
  },
  "minecraft:recipes/combat/stone_sword": {
    "criteria": {
      "has_cobblestone": "2024-06-18 01:36:39 +0000"
    },
    "done": true
  },
  "minecraft:recipes/tools/stone_axe": {
    "criteria": {
      "has_cobblestone": "2024-06-18 01:36:39 +0000"
    },
    "done": true
  },
  "securitycraft:recipes/redstone/laser_block": {
    "criteria": {
      "has_stone": "2024-06-18 01:36:39 +0000"
    },
    "done": true
  },
  "minecraft:recipes/building_blocks/chiseled_deepslate_from_cobbled_deepslate_stonecutting": {
    "criteria": {
      "has_cobbled_deepslate": "2024-06-18 01:36:39 +0000"
    },
    "done": true
  },
  "minecraft:recipes/decorations/cobbled_deepslate_wall_from_cobbled_deepslate_stonecutting": {
    "criteria": {
      "has_cobbled_deepslate": "2024-06-18 01:36:39 +0000"
    },
    "done": true
  },
  "minecraft:recipes/decorations/cobbled_deepslate_wall": {
    "criteria": {
      "has_cobbled_deepslate": "2024-06-18 01:36:39 +0000"
    },
    "done": true
  },
  "minecraft:recipes/decorations/polished_deepslate_wall_from_cobbled_deepslate_stonecutting": {
    "criteria": {
      "has_cobbled_deepslate": "2024-06-18 01:36:39 +0000"
    },
    "done": true
  },
  "minecraft:recipes/building_blocks/cobbled_deepslate_stairs_from_cobbled_deepslate_stonecutting": {
    "criteria": {
      "has_cobbled_deepslate": "2024-06-18 01:36:39 +0000"
    },
    "done": true
  },
  "minecraft:recipes/building_blocks/deepslate": {
    "criteria": {
      "has_cobbled_deepslate": "2024-06-18 01:36:39 +0000"
    },
    "done": true
  },
  "minecraft:recipes/building_blocks/polished_deepslate_slab_from_cobbled_deepslate_stonecutting": {
    "criteria": {
      "has_cobbled_deepslate": "2024-06-18 01:36:39 +0000"
    },
    "done": true
  },
  "minecraft:recipes/building_blocks/deepslate_brick_slab_from_cobbled_deepslate_stonecutting": {
    "criteria": {
      "has_cobbled_deepslate": "2024-06-18 01:36:39 +0000"
    },
    "done": true
  },
  "minecraft:recipes/building_blocks/cobbled_deepslate_stairs": {
    "criteria": {
      "has_cobbled_deepslate": "2024-06-18 01:36:39 +0000"
    },
    "done": true
  },
  "securitycraft:recipes/building_blocks/reinforced_andesite": {
    "criteria": {
      "has_cobblestone": "2024-06-18 01:36:39 +0000"
    },
    "done": true
  },
  "securitycraft:recipes/building_blocks/reinforced_diorite": {
    "criteria": {
      "has_cobblestone": "2024-06-18 01:36:39 +0000"
    },
    "done": true
  },
  "minecraft:recipes/building_blocks/deepslate_bricks_from_cobbled_deepslate_stonecutting": {
    "criteria": {
      "has_cobbled_deepslate": "2024-06-18 01:36:39 +0000"
    },
    "done": true
  },
  "minecraft:recipes/building_blocks/deepslate_tiles_from_cobbled_deepslate_stonecutting": {
    "criteria": {
      "has_cobbled_deepslate": "2024-06-18 01:36:39 +0000"
    },
    "done": true
  },
  "minecraft:recipes/tools/stone_hoe": {
    "criteria": {
      "has_cobblestone": "2024-06-18 01:36:39 +0000"
    },
    "done": true
  },
  "thinair:soul": {
    "criteria": {
      "bad_air": "2024-06-18 01:47:23 +0000"
    },
    "done": true
  },
  "tombstone:adventure/first_grave": {
    "criteria": {
      "coded_trigger": "2024-06-18 01:47:55 +0000"
    },
    "done": true
  },
  "tombstone:adventure/strong_or_careful": {
    "criteria": {
      "coded_trigger": "2024-06-18 01:47:55 +0000"
    },
    "done": true
  },
  "tombstone:recipes/from_grave_key": {
    "criteria": {
      "has_ingredient": "2024-06-18 01:47:57 +0000"
    },
    "done": true
  },
  "swem:recipes/misc/whitewash_stall_care": {
    "criteria": {
      "has_bars": "2024-06-18 02:00:21 +0000"
    },
    "done": true
  },
  "swem:recipes/misc/dark_oak_stall_horse": {
    "criteria": {
      "has_bars": "2024-06-18 02:00:21 +0000"
    },
    "done": true
  },
  "swem:recipes/misc/acacia_stall_care": {
    "criteria": {
      "has_bars": "2024-06-18 02:00:21 +0000"
    },
    "done": true
  },
  "swem:recipes/misc/birch_stall_care": {
    "criteria": {
      "has_bars": "2024-06-18 02:00:21 +0000"
    },
    "done": true
  },
  "swem:recipes/misc/spruce_stall_horse": {
    "criteria": {
      "has_bars": "2024-06-18 02:00:21 +0000"
    },
    "done": true
  },
  "swem:recipes/misc/oak_stall_horse": {
    "criteria": {
      "has_bars": "2024-06-18 02:00:21 +0000"
    },
    "done": true
  },
  "swem:recipes/misc/jungle_stall_care": {
    "criteria": {
      "has_bars": "2024-06-18 02:00:21 +0000"
    },
    "done": true
  },
  "swem:recipes/misc/spruce_stall_care": {
    "criteria": {
      "has_bars": "2024-06-18 02:00:21 +0000"
    },
    "done": true
  },
  "swem:recipes/misc/dark_oak_stall_care": {
    "criteria": {
      "has_bars": "2024-06-18 02:00:21 +0000"
    },
    "done": true
  },
  "swem:recipes/misc/oak_stall_care": {
    "criteria": {
      "has_bars": "2024-06-18 02:00:21 +0000"
    },
    "done": true
  },
  "swem:recipes/misc/birch_stall_horse": {
    "criteria": {
      "has_bars": "2024-06-18 02:00:21 +0000"
    },
    "done": true
  },
  "swem:recipes/misc/acacia_stall_horse": {
    "criteria": {
      "has_bars": "2024-06-18 02:00:21 +0000"
    },
    "done": true
  },
  "swem:recipes/misc/whitewash_stall_horse": {
    "criteria": {
      "has_bars": "2024-06-18 02:00:21 +0000"
    },
    "done": true
  },
  "swem:recipes/misc/jungle_stall_horse": {
    "criteria": {
      "has_bars": "2024-06-18 02:00:21 +0000"
    },
    "done": true
  },
  "minecraft:recipes/building_blocks/emerald_block": {
    "criteria": {
      "has_emerald": "2024-06-18 02:03:37 +0000"
    },
    "done": true
  },
  "swem:recipes/misc/bin_grain_spruce": {
    "criteria": {
      "has_chest": "2024-06-18 02:05:26 +0000"
    },
    "done": true
  },
  "swem:recipes/misc/bin_grain_purple": {
    "criteria": {
      "has_chest": "2024-06-18 02:05:26 +0000"
    },
    "done": true
  },
  "swem:recipes/misc/bin_grain_light_blue": {
    "criteria": {
      "has_chest": "2024-06-18 02:05:26 +0000"
    },
    "done": true
  },
  "swem:recipes/misc/bin_grain_jungle": {
    "criteria": {
      "has_chest": "2024-06-18 02:05:26 +0000"
    },
    "done": true
  },
  "swem:recipes/misc/bin_grain_orange": {
    "criteria": {
      "has_chest": "2024-06-18 02:05:26 +0000"
    },
    "done": true
  },
  "swem:recipes/misc/bin_grain_dark_oak": {
    "criteria": {
      "has_chest": "2024-06-18 02:05:26 +0000"
    },
    "done": true
  },
  "swem:recipes/misc/bin_grain_brown": {
    "criteria": {
      "has_chest": "2024-06-18 02:05:26 +0000"
    },
    "done": true
  },
  "swem:recipes/misc/bin_grain_pink": {
    "criteria": {
      "has_chest": "2024-06-18 02:05:26 +0000"
    },
    "done": true
  },
  "swem:recipes/misc/bin_grain_crimson": {
    "criteria": {
      "has_chest": "2024-06-18 02:05:26 +0000"
    },
    "done": true
  },
  "swem:recipes/misc/bin_grain_magenta": {
    "criteria": {
      "has_chest": "2024-06-18 02:05:26 +0000"
    },
    "done": true
  },
  "swem:recipes/misc/bin_grain_oak": {
    "criteria": {
      "has_chest": "2024-06-18 02:05:26 +0000"
    },
    "done": true
  },
  "swem:recipes/misc/bin_grain_white": {
    "criteria": {
      "has_chest": "2024-06-18 02:05:26 +0000"
    },
    "done": true
  },
  "swem:recipes/misc/bin_grain_yellow": {
    "criteria": {
      "has_chest": "2024-06-18 02:05:26 +0000"
    },
    "done": true
  },
  "swem:recipes/misc/bin_grain_cyan": {
    "criteria": {
      "has_chest": "2024-06-18 02:05:26 +0000"
    },
    "done": true
  },
  "swem:recipes/misc/bin_grain_warped": {
    "criteria": {
      "has_chest": "2024-06-18 02:05:26 +0000"
    },
    "done": true
  },
  "swem:recipes/misc/bin_grain_lime": {
    "criteria": {
      "has_chest": "2024-06-18 02:05:26 +0000"
    },
    "done": true
  },
  "swem:recipes/misc/bin_grain_blue": {
    "criteria": {
      "has_chest": "2024-06-18 02:05:26 +0000"
    },
    "done": true
  },
  "swem:recipes/misc/bin_grain_red": {
    "criteria": {
      "has_chest": "2024-06-18 02:05:26 +0000"
    },
    "done": true
  },
  "swem:recipes/misc/bin_grain_acacia": {
    "criteria": {
      "has_chest": "2024-06-18 02:05:26 +0000"
    },
    "done": true
  },
  "swem:recipes/misc/bin_grain_birch": {
    "criteria": {
      "has_chest": "2024-06-18 02:05:26 +0000"
    },
    "done": true
  },
  "swem:recipes/misc/bin_grain_gray": {
    "criteria": {
      "has_chest": "2024-06-18 02:05:26 +0000"
    },
    "done": true
  },
  "swem:recipes/misc/bin_grain_black": {
    "criteria": {
      "has_chest": "2024-06-18 02:05:26 +0000"
    },
    "done": true
  },
  "swem:recipes/misc/bin_grain_light_gray": {
    "criteria": {
      "has_chest": "2024-06-18 02:05:26 +0000"
    },
    "done": true
  },
  "swem:recipes/misc/bin_grain_green": {
    "criteria": {
      "has_chest": "2024-06-18 02:05:26 +0000"
    },
    "done": true
  },
  "securitycraft:recipes/building_blocks/secret_birch_sign_item": {
    "criteria": {
      "has_sign": "2024-06-18 02:08:28 +0000"
    },
    "done": true
  },
  "securitycraft:recipes/building_blocks/secret_birch_hanging_sign": {
    "criteria": {
      "has_sign": "2024-06-18 02:08:28 +0000"
    },
    "done": true
  },
  "securitycraft:recipes/building_blocks/secret_warped_hanging_sign": {
    "criteria": {
      "has_sign": "2024-06-18 02:08:28 +0000"
    },
    "done": true
  },
  "securitycraft:recipes/building_blocks/secret_cherry_hanging_sign": {
    "criteria": {
      "has_sign": "2024-06-18 02:08:28 +0000"
    },
    "done": true
  },
  "securitycraft:recipes/building_blocks/secret_dark_oak_hanging_sign": {
    "criteria": {
      "has_sign": "2024-06-18 02:08:28 +0000"
    },
    "done": true
  },
  "securitycraft:recipes/building_blocks/secret_crimson_sign_item": {
    "criteria": {
      "has_sign": "2024-06-18 02:08:28 +0000"
    },
    "done": true
  },
  "securitycraft:recipes/building_blocks/secret_acacia_sign_item": {
    "criteria": {
      "has_sign": "2024-06-18 02:08:28 +0000"
    },
    "done": true
  },
  "securitycraft:recipes/building_blocks/secret_crimson_hanging_sign": {
    "criteria": {
      "has_sign": "2024-06-18 02:08:28 +0000"
    },
    "done": true
  },
  "securitycraft:recipes/building_blocks/secret_jungle_sign_item": {
    "criteria": {
      "has_sign": "2024-06-18 02:08:28 +0000"
    },
    "done": true
  },
  "securitycraft:recipes/building_blocks/secret_spruce_sign_item": {
    "criteria": {
      "has_sign": "2024-06-18 02:08:28 +0000"
    },
    "done": true
  },
  "securitycraft:recipes/building_blocks/secret_acacia_hanging_sign": {
    "criteria": {
      "has_sign": "2024-06-18 02:08:28 +0000"
    },
    "done": true
  },
  "securitycraft:recipes/building_blocks/secret_sign_item": {
    "criteria": {
      "has_sign": "2024-06-18 02:08:28 +0000"
    },
    "done": true
  },
  "securitycraft:recipes/building_blocks/secret_mangrove_hanging_sign": {
    "criteria": {
      "has_sign": "2024-06-18 02:08:28 +0000"
    },
    "done": true
  },
  "securitycraft:recipes/building_blocks/secret_warped_sign_item": {
    "criteria": {
      "has_sign": "2024-06-18 02:08:28 +0000"
    },
    "done": true
  },
  "securitycraft:recipes/building_blocks/secret_jungle_hanging_sign": {
    "criteria": {
      "has_sign": "2024-06-18 02:08:28 +0000"
    },
    "done": true
  },
  "securitycraft:recipes/building_blocks/secret_dark_oak_sign_item": {
    "criteria": {
      "has_sign": "2024-06-18 02:08:28 +0000"
    },
    "done": true
  },
  "securitycraft:recipes/building_blocks/secret_mangrove_sign_item": {
    "criteria": {
      "has_sign": "2024-06-18 02:08:28 +0000"
    },
    "done": true
  },
  "securitycraft:recipes/building_blocks/secret_bamboo_hanging_sign": {
    "criteria": {
      "has_sign": "2024-06-18 02:08:28 +0000"
    },
    "done": true
  },
  "securitycraft:recipes/building_blocks/secret_cherry_sign_item": {
    "criteria": {
      "has_sign": "2024-06-18 02:08:28 +0000"
    },
    "done": true
  },
  "securitycraft:recipes/building_blocks/secret_bamboo_sign_item": {
    "criteria": {
      "has_sign": "2024-06-18 02:08:28 +0000"
    },
    "done": true
  },
  "securitycraft:recipes/building_blocks/secret_oak_hanging_sign": {
    "criteria": {
      "has_sign": "2024-06-18 02:08:28 +0000"
    },
    "done": true
  },
  "securitycraft:recipes/building_blocks/secret_spruce_hanging_sign": {
    "criteria": {
      "has_sign": "2024-06-18 02:08:28 +0000"
    },
    "done": true
  },
  "tombstone:adventure/find_grave_dust": {
    "criteria": {
      "from_undead": "2024-06-18 02:25:22 +0000"
    },
    "done": true
  },
  "tombstone:recipes/from_grave_dust": {
    "criteria": {
      "has_ingredient": "2024-06-18 02:25:22 +0000"
    },
    "done": true
  },
  "minecraft:recipes/building_blocks/stone_bricks": {
    "criteria": {
      "has_stone": "2024-06-18 02:26:44 +0000"
    },
    "done": true
  },
  "regions_unexplored:recipes/building_blocks/prismoss": {
    "criteria": {
      "has_stone": "2024-06-18 02:26:44 +0000"
    },
    "done": true
  },
  "regions_unexplored:recipes/building_blocks/stone_grass_block": {
    "criteria": {
      "has_stone": "2024-06-18 02:26:44 +0000"
    },
    "done": true
  },
  "minecraft:recipes/building_blocks/stone_bricks_from_stone_stonecutting": {
    "criteria": {
      "has_stone": "2024-06-18 02:26:44 +0000"
    },
    "done": true
  },
  "minecraft:recipes/building_blocks/stone_slab": {
    "criteria": {
      "has_stone": "2024-06-18 02:26:44 +0000"
    },
    "done": true
  },
  "minecraft:recipes/building_blocks/stone_stairs_from_stone_stonecutting": {
    "criteria": {
      "has_stone": "2024-06-18 02:26:44 +0000"
    },
    "done": true
  },
  "minecraft:recipes/redstone/stone_button": {
    "criteria": {
      "has_stone": "2024-06-18 02:26:44 +0000"
    },
    "done": true
  },
  "minecraft:recipes/redstone/stone_pressure_plate": {
    "criteria": {
      "has_stone": "2024-06-18 02:26:44 +0000"
    },
    "done": true
  },
  "justhammers:recipes/tools/stone_destructor_hammer": {
    "criteria": {
      "has_material": "2024-06-18 02:26:44 +0000"
    },
    "done": true
  },
  "justhammers:recipes/tools/stone_impact_hammer": {
    "criteria": {
      "has_material": "2024-06-18 02:26:44 +0000"
    },
    "done": true
  },
  "minecraft:recipes/building_blocks/stone_stairs": {
    "criteria": {
      "has_stone": "2024-06-18 02:26:44 +0000"
    },
    "done": true
  },
  "justhammers:recipes/tools/stone_reinforced_impact_hammer": {
    "criteria": {
      "has_material": "2024-06-18 02:26:44 +0000"
    },
    "done": true
  },
  "minecraft:recipes/decorations/stonecutter": {
    "criteria": {
      "has_stone": "2024-06-18 02:26:44 +0000"
    },
    "done": true
  },
  "minecraft:recipes/building_blocks/smooth_stone": {
    "criteria": {
      "has_stone": "2024-06-18 02:26:44 +0000"
    },
    "done": true
  },
  "minecraft:recipes/decorations/stone_brick_walls_from_stone_stonecutting": {
    "criteria": {
      "has_stone": "2024-06-18 02:26:44 +0000"
    },
    "done": true
  },
  "minecraft:recipes/building_blocks/stone_brick_slab_from_stone_stonecutting": {
    "criteria": {
      "has_stone": "2024-06-18 02:26:44 +0000"
    },
    "done": true
  },
  "minecraft:recipes/building_blocks/stone_brick_stairs_from_stone_stonecutting": {
    "criteria": {
      "has_stone": "2024-06-18 02:26:44 +0000"
    },
    "done": true
  },
  "minecraft:recipes/building_blocks/stone_slab_from_stone_stonecutting": {
    "criteria": {
      "has_stone": "2024-06-18 02:26:44 +0000"
    },
    "done": true
  },
  "justhammers:recipes/tools/stone_hammer": {
    "criteria": {
      "has_material": "2024-06-18 02:26:44 +0000"
    },
    "done": true
  },
  "regions_unexplored:recipes/building_blocks/viridescent_nylium": {
    "criteria": {
      "has_stone": "2024-06-18 02:26:44 +0000"
    },
    "done": true
  },
  "minecraft:recipes/building_blocks/chiseled_stone_bricks_stone_from_stonecutting": {
    "criteria": {
      "has_stone": "2024-06-18 02:26:44 +0000"
    },
    "done": true
  },
  "justhammers:recipes/tools/stone_reinforced_hammer": {
    "criteria": {
      "has_material": "2024-06-18 02:26:44 +0000"
    },
    "done": true
  },
  "regions_unexplored:recipes/building_blocks/mossy_stone": {
    "criteria": {
      "has_stone": "2024-06-18 02:26:44 +0000"
    },
    "done": true
  },
  "minecraft:recipes/misc/iron_nugget_from_smelting": {
    "criteria": {
      "has_chainmail_chestplate": "2024-06-18 02:27:45 +0000"
    },
    "done": true
  },
  "minecraft:recipes/misc/iron_nugget_from_blasting": {
    "criteria": {
      "has_chainmail_chestplate": "2024-06-18 02:27:45 +0000"
    },
    "done": true
  },
  "regions_unexplored:recipes/building_blocks/ash": {
    "criteria": {
      "has_gunpowder": "2024-06-18 02:28:51 +0000"
    },
    "done": true
  },
  "minecraft:recipes/misc/firework_rocket_simple": {
    "criteria": {
      "has_gunpowder": "2024-06-18 02:28:51 +0000"
    },
    "done": true
  },
  "minecraft:recipes/redstone/tnt": {
    "criteria": {
      "has_gunpowder": "2024-06-18 02:28:51 +0000"
    },
    "done": true
  },
  "regions_unexplored:recipes/decorations/pine_shrub": {
    "criteria": {
      "has_pine_sapling": "2024-06-18 02:31:12 +0000"
    },
    "done": true
  },
  "alexsmobs:alexsmobs/crocodile": {
    "criteria": {
      "killed_by": "2024-06-18 02:36:09 +0000"
    },
    "done": true
  },
  "swem:recipes/misc/wheel_barrow_brown": {
    "criteria": {
      "has_bucket": "2024-06-18 02:36:38 +0000"
    },
    "done": true
  },
  "swem:recipes/misc/wheel_barrow_gray": {
    "criteria": {
      "has_bucket": "2024-06-18 02:36:38 +0000"
    },
    "done": true
  },
  "swem:recipes/misc/wheel_barrow_orange": {
    "criteria": {
      "has_bucket": "2024-06-18 02:36:38 +0000"
    },
    "done": true
  },
  "swem:recipes/misc/wheel_barrow_magenta": {
    "criteria": {
      "has_bucket": "2024-06-18 02:36:38 +0000"
    },
    "done": true
  },
  "swem:recipes/misc/wheel_barrow_blue": {
    "criteria": {
      "has_bucket": "2024-06-18 02:36:38 +0000"
    },
    "done": true
  },
  "swem:recipes/misc/wheel_barrow_lime": {
    "criteria": {
      "has_bucket": "2024-06-18 02:36:38 +0000"
    },
    "done": true
  },
  "swem:recipes/misc/wheel_barrow_light_gray": {
    "criteria": {
      "has_bucket": "2024-06-18 02:36:38 +0000"
    },
    "done": true
  },
  "swem:recipes/misc/wheel_barrow_cyan": {
    "criteria": {
      "has_bucket": "2024-06-18 02:36:38 +0000"
    },
    "done": true
  },
  "swem:recipes/misc/wheel_barrow_black": {
    "criteria": {
      "has_bucket": "2024-06-18 02:36:38 +0000"
    },
    "done": true
  },
  "swem:recipes/misc/wheel_barrow_green": {
    "criteria": {
      "has_bucket": "2024-06-18 02:36:38 +0000"
    },
    "done": true
  },
  "swem:recipes/misc/wheel_barrow_yellow": {
    "criteria": {
      "has_bucket": "2024-06-18 02:36:38 +0000"
    },
    "done": true
  },
  "swem:recipes/misc/wheel_barrow_light_blue": {
    "criteria": {
      "has_bucket": "2024-06-18 02:36:38 +0000"
    },
    "done": true
  },
  "swem:recipes/misc/wheel_barrow_red": {
    "criteria": {
      "has_bucket": "2024-06-18 02:36:38 +0000"
    },
    "done": true
  },
  "swem:recipes/misc/wheel_barrow_purple": {
    "criteria": {
      "has_bucket": "2024-06-18 02:36:38 +0000"
    },
    "done": true
  },
  "swem:recipes/misc/wheel_barrow_pink": {
    "criteria": {
      "has_bucket": "2024-06-18 02:36:38 +0000"
    },
    "done": true
  },
  "swem:recipes/misc/wheel_barrow_white": {
    "criteria": {
      "has_bucket": "2024-06-18 02:36:38 +0000"
    },
    "done": true
  },
  "mowziesmobs:kill_umvuthana_raptor": {
    "criteria": {
      "umvuthana_raptor": "2024-06-19 05:14:01 +0000"
    },
    "done": true
  },
  "minecraft:recipes/tools/golden_axe": {
    "criteria": {
      "has_gold_ingot": "2024-06-19 05:20:04 +0000"
    },
    "done": true
  },
  "minecraft:recipes/tools/golden_pickaxe": {
    "criteria": {
      "has_gold_ingot": "2024-06-19 05:20:04 +0000"
    },
    "done": true
  },
  "swem:recipes/misc/boots_riding_leather": {
    "criteria": {
      "has_boots": "2024-06-19 05:32:39 +0000"
    },
    "done": true
  },
  "minecraft:recipes/misc/gold_nugget": {
    "criteria": {
      "has_gold_ingot": "2024-06-19 05:20:04 +0000"
    },
    "done": true
  },
  "minecraft:recipes/tools/golden_shovel": {
    "criteria": {
      "has_gold_ingot": "2024-06-19 05:20:04 +0000"
    },
    "done": true
  },
  "minecraft:recipes/food/golden_apple": {
    "criteria": {
      "has_gold_ingot": "2024-06-19 05:20:04 +0000"
    },
    "done": true
  },
  "minecraft:recipes/combat/golden_boots": {
    "criteria": {
      "has_gold_ingot": "2024-06-19 05:20:04 +0000"
    },
    "done": true
  },
  "minecraft:recipes/misc/gold_nugget_from_blasting": {
    "criteria": {
      "has_golden_sword": "2024-06-19 05:28:47 +0000"
    },
    "done": true
  },
  "minecraft:recipes/building_blocks/cobblestone_slab_from_cobblestone_stonecutting": {
    "criteria": {
      "has_cobblestone": "2024-06-19 04:50:41 +0000"
    },
    "done": true
  },
  "minecraft:recipes/combat/golden_chestplate": {
    "criteria": {
      "has_gold_ingot": "2024-06-19 05:20:04 +0000"
    },
    "done": true
  },
  "swem:recipes/misc/toy_string_treats": {
    "criteria": {
      "has_string": "2024-06-19 04:50:09 +0000"
    },
    "done": true
  },
  "minecraft:recipes/redstone/tripwire_hook": {
    "criteria": {
      "has_string": "2024-06-19 04:50:09 +0000"
    },
    "done": true
  },
  "minecraft:recipes/building_blocks/stone": {
    "criteria": {
      "has_cobblestone": "2024-06-19 04:50:41 +0000"
    },
    "done": true
  },
  "minecraft:recipes/decorations/candle": {
    "criteria": {
      "has_string": "2024-06-19 04:50:09 +0000"
    },
    "done": true
  },
  "mowziesmobs:kill_naga": {
    "criteria": {
      "naga": "2024-06-19 05:39:45 +0000"
    },
    "done": true
  },
  "undead_revamp2:devillhunter": {
    "criteria": {
      "devillhunter": "2024-06-19 05:02:20 +0000"
    },
    "done": true
  },
  "minecraft:nether/uneasy_alliance": {
    "criteria": {
      "killed_ghast": "2024-06-19 04:55:15 +0000"
    },
    "done": true
  },
  "swem:recipes/misc/rivet_gold": {
    "criteria": {
      "has_ingredient": "2024-06-19 05:20:04 +0000"
    },
    "done": true
  },
  "minecraft:recipes/redstone/light_weighted_pressure_plate": {
    "criteria": {
      "has_gold_ingot": "2024-06-19 05:20:04 +0000"
    },
    "done": true
  },
  "undead_revamp2:cloggeradvance": {
    "criteria": {
      "cloggeradvance": "2024-06-19 05:24:59 +0000"
    },
    "done": true
  },
  "minecraft:recipes/food/cooked_beef_from_smoking": {
    "criteria": {
      "has_beef": "2024-06-19 05:01:52 +0000"
    },
    "done": true
  },
  "mowziesmobs:suns_blessing": {
    "criteria": {
      "get_suns_blessing": "2024-06-19 05:37:06 +0000"
    },
    "done": true
  },
  "minecraft:recipes/combat/golden_sword": {
    "criteria": {
      "has_gold_ingot": "2024-06-19 05:20:04 +0000"
    },
    "done": true
  },
  "undead_revamp2:mommy": {
    "criteria": {
      "mommy": "2024-06-19 05:28:50 +0000"
    },
    "done": true
  },
  "securitycraft:recipes/redstone/reinforced_sticky_piston": {
    "criteria": {
      "has_slime_ball": "2024-06-19 05:14:08 +0000"
    },
    "done": true
  },
  "minecraft:recipes/building_blocks/cobblestone_slab": {
    "criteria": {
      "has_cobblestone": "2024-06-19 04:50:41 +0000"
    },
    "done": true
  },
  "minecraft:recipes/building_blocks/gold_block": {
    "criteria": {
      "has_gold_ingot": "2024-06-19 05:20:04 +0000"
    },
    "done": true
  },
  "minecraft:recipes/redstone/slime_block": {
    "criteria": {
      "has_slime_ball": "2024-06-19 05:28:51 +0000"
    },
    "done": true
  },
  "minecraft:recipes/combat/crossbow": {
    "criteria": {
      "has_string": "2024-06-19 04:50:09 +0000"
    },
    "done": true
  },
  "minecraft:recipes/decorations/cobblestone_wall_from_cobblestone_stonecutting": {
    "criteria": {
      "has_cobblestone": "2024-06-19 04:50:41 +0000"
    },
    "done": true
  },
  "minecraft:recipes/building_blocks/cobblestone_stairs": {
    "criteria": {
      "has_cobblestone": "2024-06-19 04:50:41 +0000"
    },
    "done": true
  },
  "minecraft:recipes/food/cooked_beef": {
    "criteria": {
      "has_beef": "2024-06-19 05:01:52 +0000"
    },
    "done": true
  },
  "minecraft:recipes/redstone/lever": {
    "criteria": {
      "has_cobblestone": "2024-06-19 04:50:41 +0000"
    },
    "done": true
  },
  "minecraft:nether/obtain_crying_obsidian": {
    "criteria": {
      "crying_obsidian": "2024-06-19 05:47:05 +0000"
    },
    "done": true
  },
  "undead_revamp2:daddy": {
    "criteria": {
      "daddy": "2024-06-19 04:50:40 +0000"
    },
    "done": true
  },
  "minecraft:recipes/decorations/cobblestone_wall": {
    "criteria": {
      "has_cobblestone": "2024-06-19 04:50:41 +0000"
    },
    "done": true
  },
  "minecraft:recipes/misc/gold_nugget_from_smelting": {
    "criteria": {
      "has_golden_sword": "2024-06-19 05:28:47 +0000"
    },
    "done": true
  },
  "minecraft:recipes/combat/bow": {
    "criteria": {
      "has_string": "2024-06-19 04:50:09 +0000"
    },
    "done": true
  },
  "minecraft:recipes/combat/arrow": {
    "criteria": {
      "has_feather": "2024-06-19 05:14:15 +0000"
    },
    "done": true
  },
  "minecraft:recipes/combat/golden_helmet": {
    "criteria": {
      "has_gold_ingot": "2024-06-19 05:20:04 +0000"
    },
    "done": true
  },
  "undead_revamp2:sugarcoat": {
    "criteria": {
      "sugarcoat": "2024-06-19 05:21:02 +0000"
    },
    "done": true
  },
  "minecraft:recipes/tools/fishing_rod": {
    "criteria": {
      "has_string": "2024-06-19 04:50:09 +0000"
    },
    "done": true
  },
  "tombstone:adventure/chain_death": {
    "criteria": {
      "coded_trigger": "2024-06-19 05:16:03 +0000"
    },
    "done": true
  },
  "minecraft:recipes/tools/lead": {
    "criteria": {
      "has_slime_ball": "2024-06-19 05:28:51 +0000"
    },
    "done": true
  },
  "minecraft:recipes/redstone/sticky_piston": {
    "criteria": {
      "has_slime_ball": "2024-06-19 05:28:51 +0000"
    },
    "done": true
  },
  "tombstone:adventure/bone_crusher": {
    "criteria": {
      "coded_trigger": "2024-06-19 05:28:48 +0000"
    },
    "done": true
  },
  "minecraft:recipes/decorations/respawn_anchor": {
    "criteria": {
      "has_obsidian": "2024-06-19 05:47:05 +0000"
    },
    "done": true
  },
  "swem:recipes/misc/plate_gold": {
    "criteria": {
      "has_ingredient": "2024-06-19 05:20:04 +0000"
    },
    "done": true
  },
  "alexsmobs:alexsmobs/grizzly_bear": {
    "criteria": {
      "killed_by": "2024-06-19 05:02:29 +0000"
    },
    "done": true
  },
  "undead_revamp2:thineded": {
    "criteria": {
      "thineded": "2024-06-19 05:20:04 +0000"
    },
    "done": true
  },
  "minecraft:recipes/building_blocks/white_wool_from_string": {
    "criteria": {
      "has_string": "2024-06-19 04:50:09 +0000"
    },
    "done": true
  },
  "minecraft:recipes/building_blocks/cobblestone_stairs_from_cobblestone_stonecutting": {
    "criteria": {
      "has_cobblestone": "2024-06-19 04:50:41 +0000"
    },
    "done": true
  },
  "minecraft:recipes/tools/golden_hoe": {
    "criteria": {
      "has_gold_ingot": "2024-06-19 05:20:04 +0000"
    },
    "done": true
  },
  "mowziesmobs:kill_foliaath": {
    "criteria": {
      "foliaath": "2024-06-19 05:41:12 +0000"
    },
    "done": true
  },
  "tombstone:adventure/ashes_and_bones": {
    "criteria": {
      "coded_trigger": "2024-06-19 04:49:47 +0000"
    },
    "done": true
  },
  "minecraft:recipes/decorations/loom": {
    "criteria": {
      "has_string": "2024-06-19 04:50:09 +0000"
    },
    "done": true
  },
  "justhammers:recipes/tools/gold_hammer": {
    "criteria": {
      "has_material": "2024-06-19 05:20:04 +0000"
    },
    "done": true
  },
  "minecraft:recipes/combat/golden_leggings": {
    "criteria": {
      "has_gold_ingot": "2024-06-19 05:20:04 +0000"
    },
    "done": true
  },
  "minecraft:recipes/food/cooked_beef_from_campfire_cooking": {
    "criteria": {
      "has_beef": "2024-06-19 05:01:52 +0000"
    },
    "done": true
  },
  "DataVersion": 3465
}