{
  "undead_revamp2:theundeadchallenges": {
    "criteria": {
      "theundeadchallenges": "2024-06-18 00:07:00 +0000"
    },
    "done": true
  },
  "minecraft:recipes/decorations/crafting_table": {
    "criteria": {
      "unlock_right_away": "2024-06-18 00:07:00 +0000"
    },
    "done": true
  },
  "mowziesmobs:root": {
    "criteria": {
      "custom_test_name": "2024-06-18 00:07:00 +0000"
    },
    "done": true
  },
  "tombstone:adventure/root": {
    "criteria": {
      "auto": "2024-06-18 00:07:00 +0000"
    },
    "done": true
  },
  "regions_unexplored:parent": {
    "criteria": {
      "load_in_world": "2024-06-18 00:07:00 +0000"
    },
    "done": true
  },
  "regions_unexplored:regions_explored": {
    "criteria": {
      "autumnal_maple_forest": "2024-06-18 00:07:00 +0000",
      "muddy_river": "2024-06-18 01:13:46 +0000",
      "willow_forest": "2024-06-18 02:33:25 +0000",
      "grassy_beach": "2024-06-19 04:47:12 +0000",
      "rocky_meadow": "2024-06-18 02:33:18 +0000",
      "frozen_pine_taiga": "2024-06-18 02:30:23 +0000",
      "maple_forest": "2024-06-18 01:13:48 +0000",
      "magnolia_highlands": "2024-06-18 02:33:08 +0000",
      "cold_boreal_taiga": "2024-06-18 02:32:10 +0000",
      "temperate_grove": "2024-06-18 02:33:36 +0000",
      "cold_river": "2024-06-18 00:07:50 +0000",
      "pumpkin_fields": "2024-06-18 00:16:46 +0000"
    },
    "done": false
  },
  "regions_unexplored:pioneer": {
    "criteria": {
      "autumnal_maple_forest": "2024-06-18 00:07:00 +0000",
      "muddy_river": "2024-06-18 01:13:46 +0000",
      "willow_forest": "2024-06-18 02:33:25 +0000",
      "grassy_beach": "2024-06-19 04:47:12 +0000",
      "rocky_meadow": "2024-06-18 02:33:18 +0000",
      "frozen_pine_taiga": "2024-06-18 02:30:23 +0000",
      "maple_forest": "2024-06-18 01:13:48 +0000",
      "magnolia_highlands": "2024-06-18 02:33:08 +0000",
      "cold_boreal_taiga": "2024-06-18 02:32:10 +0000",
      "temperate_grove": "2024-06-18 02:33:36 +0000",
      "cold_river": "2024-06-18 00:07:50 +0000",
      "pumpkin_fields": "2024-06-18 00:16:46 +0000"
    },
    "done": false
  },
  "regions_unexplored:recipes/building_blocks/lime_painted_planks": {
    "criteria": {
      "has_planks": "2024-06-18 00:07:57 +0000"
    },
    "done": true
  },
  "furnitura:recipes/misc/jungle_chair": {
    "criteria": {
      "has_jungle_planks": "2024-06-18 00:07:57 +0000"
    },
    "done": true
  },
  "regions_unexplored:recipes/building_blocks/brown_painted_planks": {
    "criteria": {
      "has_planks": "2024-06-18 00:07:57 +0000"
    },
    "done": true
  },
  "minecraft:recipes/misc/stick": {
    "criteria": {
      "has_planks": "2024-06-18 00:07:57 +0000"
    },
    "done": true
  },
  "regions_unexplored:recipes/building_blocks/black_painted_planks": {
    "criteria": {
      "has_planks": "2024-06-18 00:07:57 +0000"
    },
    "done": true
  },
  "furnitura:recipes/misc/jungle_desk": {
    "criteria": {
      "has_jungle_planks": "2024-06-18 00:07:57 +0000"
    },
    "done": true
  },
  "furnitura:recipes/misc/jungle_stool": {
    "criteria": {
      "has_jungle_planks": "2024-06-18 00:07:57 +0000"
    },
    "done": true
  },
  "regions_unexplored:recipes/building_blocks/cyan_painted_planks": {
    "criteria": {
      "has_planks": "2024-06-18 00:07:57 +0000"
    },
    "done": true
  },
  "minecraft:recipes/building_blocks/jungle_stairs": {
    "criteria": {
      "has_planks": "2024-06-18 00:07:57 +0000"
    },
    "done": true
  },
  "minecraft:recipes/redstone/jungle_trapdoor": {
    "criteria": {
      "has_planks": "2024-06-18 00:07:57 +0000"
    },
    "done": true
  },
  "minecraft:recipes/decorations/jungle_sign": {
    "criteria": {
      "has_planks": "2024-06-18 00:07:57 +0000"
    },
    "done": true
  },
  "regions_unexplored:recipes/building_blocks/blue_painted_planks": {
    "criteria": {
      "has_planks": "2024-06-18 00:07:57 +0000"
    },
    "done": true
  },
  "furnitura:recipes/misc/single_leg_table_jungle": {
    "criteria": {
      "has_jungle_planks": "2024-06-18 00:07:57 +0000"
    },
    "done": true
  },
  "minecraft:recipes/redstone/jungle_door": {
    "criteria": {
      "has_planks": "2024-06-18 00:07:57 +0000"
    },
    "done": true
  },
  "minecraft:recipes/decorations/jungle_fence": {
    "criteria": {
      "has_planks": "2024-06-18 00:07:57 +0000"
    },
    "done": true
  },
  "minecraft:recipes/decorations/barrel": {
    "criteria": {
      "has_planks": "2024-06-18 00:07:57 +0000"
    },
    "done": true
  },
  "regions_unexplored:recipes/building_blocks/orange_painted_planks": {
    "criteria": {
      "has_planks": "2024-06-18 00:07:57 +0000"
    },
    "done": true
  },
  "furnitura:recipes/misc/jungle_stump": {
    "criteria": {
      "has_jungle_planks": "2024-06-18 00:07:57 +0000"
    },
    "done": true
  },
  "minecraft:recipes/building_blocks/jungle_slab": {
    "criteria": {
      "has_planks": "2024-06-18 00:07:57 +0000"
    },
    "done": true
  },
  "regions_unexplored:recipes/building_blocks/gray_painted_planks": {
    "criteria": {
      "has_planks": "2024-06-18 00:07:57 +0000"
    },
    "done": true
  },
  "regions_unexplored:recipes/building_blocks/red_painted_planks": {
    "criteria": {
      "has_planks": "2024-06-18 00:07:57 +0000"
    },
    "done": true
  },
  "furnitura:recipes/misc/jungle_mailbox": {
    "criteria": {
      "has_jungle_planks": "2024-06-18 00:07:57 +0000"
    },
    "done": true
  },
  "regions_unexplored:recipes/building_blocks/green_painted_planks": {
    "criteria": {
      "has_planks": "2024-06-18 00:07:57 +0000"
    },
    "done": true
  },
  "furnitura:recipes/misc/jungle_shelf_extenders": {
    "criteria": {
      "has_jungle_planks": "2024-06-18 00:07:57 +0000"
    },
    "done": true
  },
  "furnitura:recipes/misc/jungle_crate": {
    "criteria": {
      "has_jungle_planks": "2024-06-18 00:07:57 +0000"
    },
    "done": true
  },
  "regions_unexplored:recipes/building_blocks/white_painted_planks": {
    "criteria": {
      "has_planks": "2024-06-18 00:07:57 +0000"
    },
    "done": true
  },
  "regions_unexplored:recipes/building_blocks/light_gray_painted_planks": {
    "criteria": {
      "has_planks": "2024-06-18 00:07:57 +0000"
    },
    "done": true
  },
  "regions_unexplored:recipes/building_blocks/light_blue_painted_planks": {
    "criteria": {
      "has_planks": "2024-06-18 00:07:57 +0000"
    },
    "done": true
  },
  "regions_unexplored:recipes/building_blocks/yellow_painted_planks": {
    "criteria": {
      "has_planks": "2024-06-18 00:07:57 +0000"
    },
    "done": true
  },
  "regions_unexplored:recipes/building_blocks/purple_painted_planks": {
    "criteria": {
      "has_planks": "2024-06-18 00:07:57 +0000"
    },
    "done": true
  },
  "minecraft:recipes/redstone/jungle_button": {
    "criteria": {
      "has_planks": "2024-06-18 00:07:57 +0000"
    },
    "done": true
  },
  "minecraft:recipes/redstone/jungle_fence_gate": {
    "criteria": {
      "has_planks": "2024-06-18 00:07:57 +0000"
    },
    "done": true
  },
  "furnitura:recipes/misc/jungle_log_shelf": {
    "criteria": {
      "has_jungle_planks": "2024-06-18 00:07:57 +0000"
    },
    "done": true
  },
  "regions_unexplored:recipes/building_blocks/pink_painted_planks": {
    "criteria": {
      "has_planks": "2024-06-18 00:07:57 +0000"
    },
    "done": true
  },
  "furnitura:recipes/misc/jungle_cabinet": {
    "criteria": {
      "has_jungle_planks": "2024-06-18 00:07:57 +0000"
    },
    "done": true
  },
  "furnitura:recipes/misc/jungle_shelf": {
    "criteria": {
      "has_jungle_planks": "2024-06-18 00:07:57 +0000"
    },
    "done": true
  },
  "furnitura:recipes/misc/jungle_table": {
    "criteria": {
      "has_jungle_planks": "2024-06-18 00:07:57 +0000"
    },
    "done": true
  },
  "regions_unexplored:recipes/building_blocks/magenta_painted_planks": {
    "criteria": {
      "has_planks": "2024-06-18 00:07:57 +0000"
    },
    "done": true
  },
  "furnitura:recipes/misc/jungle_park_bench": {
    "criteria": {
      "has_jungle_planks": "2024-06-18 00:07:57 +0000"
    },
    "done": true
  },
  "minecraft:recipes/redstone/jungle_pressure_plate": {
    "criteria": {
      "has_planks": "2024-06-18 00:07:57 +0000"
    },
    "done": true
  },
  "furnitura:recipes/misc/small_table_jungle": {
    "criteria": {
      "has_jungle_planks": "2024-06-18 00:07:57 +0000"
    },
    "done": true
  },
  "minecraft:recipes/misc/bone_meal": {
    "criteria": {
      "has_bone": "2024-06-18 00:17:26 +0000"
    },
    "done": true
  },
  "minecraft:adventure/adventuring_time": {
    "criteria": {
      "minecraft:frozen_river": "2024-06-18 02:24:00 +0000",
      "minecraft:beach": "2024-06-18 00:21:42 +0000",
      "minecraft:river": "2024-06-18 00:18:41 +0000",
      "minecraft:stony_shore": "2024-06-18 00:22:36 +0000",
      "minecraft:snowy_plains": "2024-06-18 01:14:06 +0000",
      "minecraft:snowy_taiga": "2024-06-18 02:23:56 +0000",
      "minecraft:grove": "2024-06-18 01:13:52 +0000",
      "minecraft:cold_ocean": "2024-06-18 01:13:05 +0000",
      "minecraft:forest": "2024-06-18 01:13:50 +0000",
      "minecraft:frozen_ocean": "2024-06-18 02:28:55 +0000",
      "minecraft:deep_dark": "2024-06-18 01:16:03 +0000",
      "minecraft:plains": "2024-06-18 00:18:42 +0000"
    },
    "done": false
  },
  "minecraft:recipes/decorations/chest": {
    "criteria": {
      "has_lots_of_items": "2024-06-18 00:21:07 +0000"
    },
    "done": true
  },
  "minecraft:recipes/tools/golden_axe": {
    "criteria": {
      "has_gold_ingot": "2024-06-18 00:33:11 +0000"
    },
    "done": true
  },
  "minecraft:recipes/tools/golden_pickaxe": {
    "criteria": {
      "has_gold_ingot": "2024-06-18 00:33:11 +0000"
    },
    "done": true
  },
  "minecraft:recipes/misc/gold_nugget": {
    "criteria": {
      "has_gold_ingot": "2024-06-18 00:33:11 +0000"
    },
    "done": true
  },
  "minecraft:recipes/tools/golden_shovel": {
    "criteria": {
      "has_gold_ingot": "2024-06-18 00:33:11 +0000"
    },
    "done": true
  },
  "minecraft:recipes/food/golden_apple": {
    "criteria": {
      "has_gold_ingot": "2024-06-18 00:33:11 +0000"
    },
    "done": true
  },
  "minecraft:recipes/combat/golden_boots": {
    "criteria": {
      "has_gold_ingot": "2024-06-18 00:33:11 +0000"
    },
    "done": true
  },
  "minecraft:recipes/combat/golden_chestplate": {
    "criteria": {
      "has_gold_ingot": "2024-06-18 00:33:11 +0000"
    },
    "done": true
  },
  "swem:recipes/misc/rivet_gold": {
    "criteria": {
      "has_ingredient": "2024-06-18 00:33:11 +0000"
    },
    "done": true
  },
  "minecraft:recipes/redstone/light_weighted_pressure_plate": {
    "criteria": {
      "has_gold_ingot": "2024-06-18 00:33:11 +0000"
    },
    "done": true
  },
  "minecraft:recipes/combat/golden_sword": {
    "criteria": {
      "has_gold_ingot": "2024-06-18 00:33:11 +0000"
    },
    "done": true
  },
  "minecraft:recipes/building_blocks/gold_block": {
    "criteria": {
      "has_gold_ingot": "2024-06-18 00:33:11 +0000"
    },
    "done": true
  },
  "minecraft:recipes/combat/golden_helmet": {
    "criteria": {
      "has_gold_ingot": "2024-06-18 00:33:11 +0000"
    },
    "done": true
  },
  "deep_dark_regrowth:loot_chest": {
    "criteria": {
      "loot_chest": "2024-06-18 00:33:11 +0000"
    },
    "done": true
  },
  "swem:recipes/misc/plate_gold": {
    "criteria": {
      "has_ingredient": "2024-06-18 00:33:11 +0000"
    },
    "done": true
  },
  "minecraft:recipes/tools/golden_hoe": {
    "criteria": {
      "has_gold_ingot": "2024-06-18 00:33:11 +0000"
    },
    "done": true
  },
  "justhammers:recipes/tools/gold_hammer": {
    "criteria": {
      "has_material": "2024-06-18 00:33:11 +0000"
    },
    "done": true
  },
  "minecraft:recipes/combat/golden_leggings": {
    "criteria": {
      "has_gold_ingot": "2024-06-18 00:33:11 +0000"
    },
    "done": true
  },
  "minecraft:adventure/root": {
    "criteria": {
      "killed_something": "2024-06-18 00:34:16 +0000"
    },
    "done": true
  },
  "minecraft:recipes/misc/iron_nugget_from_smelting": {
    "criteria": {
      "has_chainmail_chestplate": "2024-06-18 00:35:13 +0000"
    },
    "done": true
  },
  "minecraft:recipes/misc/iron_nugget_from_blasting": {
    "criteria": {
      "has_chainmail_chestplate": "2024-06-18 00:35:13 +0000"
    },
    "done": true
  },
  "spore:spore": {
    "criteria": {
      "requirement": "2024-06-18 00:35:13 +0000"
    },
    "done": true
  },
  "deep_dark_regrowth:stalker_fate": {
    "criteria": {
      "stalker_fate": "2024-06-18 00:35:22 +0000"
    },
    "done": true
  },
  "tombstone:adventure/first_grave": {
    "criteria": {
      "coded_trigger": "2024-06-18 00:35:25 +0000"
    },
    "done": true
  },
  "tombstone:recipes/from_grave_key": {
    "criteria": {
      "has_ingredient": "2024-06-18 00:35:31 +0000"
    },
    "done": true
  },
  "regions_unexplored:recipes/transportation/maple_boat": {
    "criteria": {
      "in_water": "2024-06-18 00:36:13 +0000"
    },
    "done": true
  },
  "regions_unexplored:recipes/transportation/magnolia_boat": {
    "criteria": {
      "in_water": "2024-06-18 00:36:13 +0000"
    },
    "done": true
  },
  "minecraft:recipes/transportation/cherry_boat": {
    "criteria": {
      "in_water": "2024-06-18 00:36:13 +0000"
    },
    "done": true
  },
  "minecraft:recipes/transportation/bamboo_raft": {
    "criteria": {
      "in_water": "2024-06-18 00:36:13 +0000"
    },
    "done": true
  },
  "regions_unexplored:recipes/transportation/kapok_boat": {
    "criteria": {
      "in_water": "2024-06-18 00:36:13 +0000"
    },
    "done": true
  },
  "regions_unexplored:recipes/transportation/cypress_boat": {
    "criteria": {
      "in_water": "2024-06-18 00:36:13 +0000"
    },
    "done": true
  },
  "regions_unexplored:recipes/transportation/larch_boat": {
    "criteria": {
      "in_water": "2024-06-18 00:36:13 +0000"
    },
    "done": true
  },
  "minecraft:recipes/transportation/acacia_boat": {
    "criteria": {
      "in_water": "2024-06-18 00:36:13 +0000"
    },
    "done": true
  },
  "minecraft:recipes/transportation/jungle_boat": {
    "criteria": {
      "in_water": "2024-06-18 00:36:13 +0000"
    },
    "done": true
  },
  "regions_unexplored:recipes/transportation/blackwood_boat": {
    "criteria": {
      "in_water": "2024-06-18 00:36:13 +0000"
    },
    "done": true
  },
  "regions_unexplored:recipes/transportation/pine_boat": {
    "criteria": {
      "in_water": "2024-06-18 00:36:13 +0000"
    },
    "done": true
  },
  "regions_unexplored:recipes/transportation/eucalyptus_boat": {
    "criteria": {
      "in_water": "2024-06-18 00:36:13 +0000"
    },
    "done": true
  },
  "regions_unexplored:recipes/transportation/palm_boat": {
    "criteria": {
      "in_water": "2024-06-18 00:36:13 +0000"
    },
    "done": true
  },
  "regions_unexplored:recipes/transportation/socotra_boat": {
    "criteria": {
      "in_water": "2024-06-18 00:36:13 +0000"
    },
    "done": true
  },
  "minecraft:recipes/transportation/spruce_boat": {
    "criteria": {
      "in_water": "2024-06-18 00:36:13 +0000"
    },
    "done": true
  },
  "regions_unexplored:recipes/transportation/oak_boat": {
    "criteria": {
      "in_water": "2024-06-18 00:36:13 +0000"
    },
    "done": true
  },
  "minecraft:recipes/transportation/birch_boat": {
    "criteria": {
      "in_water": "2024-06-18 00:36:13 +0000"
    },
    "done": true
  },
  "regions_unexplored:recipes/transportation/dead_boat": {
    "criteria": {
      "in_water": "2024-06-18 00:36:13 +0000"
    },
    "done": true
  },
  "minecraft:recipes/transportation/oak_boat": {
    "criteria": {
      "in_water": "2024-06-18 00:36:13 +0000"
    },
    "done": true
  },
  "minecraft:recipes/transportation/mangrove_boat": {
    "criteria": {
      "in_water": "2024-06-18 00:36:13 +0000"
    },
    "done": true
  },
  "regions_unexplored:recipes/transportation/mauve_boat": {
    "criteria": {
      "in_water": "2024-06-18 00:36:13 +0000"
    },
    "done": true
  },
  "regions_unexplored:recipes/transportation/redwood_boat": {
    "criteria": {
      "in_water": "2024-06-18 00:36:13 +0000"
    },
    "done": true
  },
  "regions_unexplored:recipes/transportation/baobab_boat": {
    "criteria": {
      "in_water": "2024-06-18 00:36:13 +0000"
    },
    "done": true
  },
  "regions_unexplored:recipes/transportation/willow_boat": {
    "criteria": {
      "in_water": "2024-06-18 00:36:13 +0000"
    },
    "done": true
  },
  "regions_unexplored:recipes/transportation/joshua_boat": {
    "criteria": {
      "in_water": "2024-06-18 00:36:13 +0000"
    },
    "done": true
  },
  "minecraft:recipes/transportation/dark_oak_boat": {
    "criteria": {
      "in_water": "2024-06-18 00:36:13 +0000"
    },
    "done": true
  },
  "tombstone:adventure/choose_grave_type": {
    "criteria": {
      "coded_trigger": "2024-06-18 00:59:09 +0000"
    },
    "done": true
  },
  "securitycraft:recipes/misc/sentry": {
    "criteria": {
      "has_iron": "2024-06-18 01:01:53 +0000"
    },
    "done": true
  },
  "swem:recipes/misc/pasture_white_horse": {
    "criteria": {
      "has_iron_ingot": "2024-06-18 01:01:53 +0000"
    },
    "done": true
  },
  "swem:recipes/misc/pasture_cyan_care": {
    "criteria": {
      "has_iron_ingot": "2024-06-18 01:01:53 +0000"
    },
    "done": true
  },
  "minecraft:recipes/combat/iron_helmet": {
    "criteria": {
      "has_iron_ingot": "2024-06-18 01:01:53 +0000"
    },
    "done": true
  },
  "swem:recipes/misc/pasture_magenta_care": {
    "criteria": {
      "has_iron_ingot": "2024-06-18 01:01:53 +0000"
    },
    "done": true
  },
  "swem:recipes/misc/pasture_brown_care": {
    "criteria": {
      "has_iron_ingot": "2024-06-18 01:01:53 +0000"
    },
    "done": true
  },
  "swem:recipes/misc/pasture_lime_care": {
    "criteria": {
      "has_iron_ingot": "2024-06-18 01:01:53 +0000"
    },
    "done": true
  },
  "securitycraft:recipes/decorations/floor_trap": {
    "criteria": {
      "has_iron": "2024-06-18 01:01:53 +0000"
    },
    "done": true
  },
  "securitycraft:recipes/misc/storage_module": {
    "criteria": {
      "has_iron": "2024-06-18 01:01:53 +0000"
    },
    "done": true
  },
  "minecraft:recipes/tools/shears": {
    "criteria": {
      "has_iron_ingot": "2024-06-18 01:01:53 +0000"
    },
    "done": true
  },
  "swem:recipes/misc/pasture_lime_horse": {
    "criteria": {
      "has_iron_ingot": "2024-06-18 01:01:53 +0000"
    },
    "done": true
  },
  "swem:recipes/misc/pasture_light_gray_horse": {
    "criteria": {
      "has_iron_ingot": "2024-06-18 01:01:53 +0000"
    },
    "done": true
  },
  "minecraft:recipes/building_blocks/iron_block": {
    "criteria": {
      "has_iron_ingot": "2024-06-18 01:01:53 +0000"
    },
    "done": true
  },
  "swem:recipes/misc/tack_box_cyan": {
    "criteria": {
      "has_iron_ingot": "2024-06-18 01:01:53 +0000"
    },
    "done": true
  },
  "securitycraft:recipes/transportation/track_mine": {
    "criteria": {
      "has_iron": "2024-06-18 01:01:53 +0000"
    },
    "done": true
  },
  "swem:recipes/misc/tack_box_lime": {
    "criteria": {
      "has_iron_ingot": "2024-06-18 01:01:53 +0000"
    },
    "done": true
  },
  "swem:recipes/misc/tack_box_blue": {
    "criteria": {
      "has_iron_ingot": "2024-06-18 01:01:53 +0000"
    },
    "done": true
  },
  "securitycraft:recipes/misc/whitelist_module": {
    "criteria": {
      "has_iron": "2024-06-18 01:01:53 +0000"
    },
    "done": true
  },
  "securitycraft:recipes/misc/security_camera": {
    "criteria": {
      "has_iron": "2024-06-18 01:01:53 +0000"
    },
    "done": true
  },
  "swem:recipes/misc/tack_box_orange": {
    "criteria": {
      "has_iron_ingot": "2024-06-18 01:01:53 +0000"
    },
    "done": true
  },
  "minecraft:recipes/redstone/hopper": {
    "criteria": {
      "has_iron_ingot": "2024-06-18 01:01:53 +0000"
    },
    "done": true
  },
  "swem:recipes/misc/tack_box_purple": {
    "criteria": {
      "has_iron_ingot": "2024-06-18 01:01:53 +0000"
    },
    "done": true
  },
  "securitycraft:recipes/misc/briefcase": {
    "criteria": {
      "has_iron": "2024-06-18 01:01:53 +0000"
    },
    "done": true
  },
  "securitycraft:recipes/redstone/reinforced_fence_gate": {
    "criteria": {
      "has_iron": "2024-06-18 01:01:53 +0000"
    },
    "done": true
  },
  "securitycraft:recipes/misc/electrified_iron_fence": {
    "criteria": {
      "has_iron": "2024-06-18 01:01:53 +0000"
    },
    "done": true
  },
  "securitycraft:recipes/misc/keycard_lv5": {
    "criteria": {
      "has_iron": "2024-06-18 01:01:53 +0000"
    },
    "done": true
  },
  "securitycraft:recipes/misc/keycard_lv3": {
    "criteria": {
      "has_iron": "2024-06-18 01:01:53 +0000"
    },
    "done": true
  },
  "securitycraft:recipes/misc/keycard_lv4": {
    "criteria": {
      "has_iron": "2024-06-18 01:01:53 +0000"
    },
    "done": true
  },
  "securitycraft:recipes/misc/keycard_lv1": {
    "criteria": {
      "has_iron": "2024-06-18 01:01:53 +0000"
    },
    "done": true
  },
  "securitycraft:recipes/misc/keycard_lv2": {
    "criteria": {
      "has_iron": "2024-06-18 01:01:53 +0000"
    },
    "done": true
  },
  "minecraft:recipes/combat/iron_boots": {
    "criteria": {
      "has_iron_ingot": "2024-06-18 01:01:53 +0000"
    },
    "done": true
  },
  "minecraft:recipes/decorations/lantern": {
    "criteria": {
      "has_iron_ingot": "2024-06-18 01:01:53 +0000"
    },
    "done": true
  },
  "swem:recipes/misc/pasture_blue_care": {
    "criteria": {
      "has_iron_ingot": "2024-06-18 01:01:53 +0000"
    },
    "done": true
  },
  "securitycraft:recipes/misc/mine": {
    "criteria": {
      "has_iron": "2024-06-18 01:01:53 +0000"
    },
    "done": true
  },
  "swem:recipes/misc/pasture_gray_care": {
    "criteria": {
      "has_iron_ingot": "2024-06-18 01:01:53 +0000"
    },
    "done": true
  },
  "swem:recipes/misc/pasture_green_horse": {
    "criteria": {
      "has_iron_ingot": "2024-06-18 01:01:53 +0000"
    },
    "done": true
  },
  "minecraft:recipes/tools/iron_shovel": {
    "criteria": {
      "has_iron_ingot": "2024-06-18 01:01:53 +0000"
    },
    "done": true
  },
  "swem:recipes/misc/pasture_pink_care": {
    "criteria": {
      "has_iron_ingot": "2024-06-18 01:01:53 +0000"
    },
    "done": true
  },
  "securitycraft:recipes/misc/trophy_system": {
    "criteria": {
      "has_iron": "2024-06-18 01:01:53 +0000"
    },
    "done": true
  },
  "minecraft:recipes/redstone/iron_trapdoor": {
    "criteria": {
      "has_iron_ingot": "2024-06-18 01:01:53 +0000"
    },
    "done": true
  },
  "swem:recipes/misc/pasture_blue_horse": {
    "criteria": {
      "has_iron_ingot": "2024-06-18 01:01:53 +0000"
    },
    "done": true
  },
  "swem:recipes/misc/pasture_purple_horse": {
    "criteria": {
      "has_iron_ingot": "2024-06-18 01:01:53 +0000"
    },
    "done": true
  },
  "minecraft:recipes/combat/crossbow": {
    "criteria": {
      "has_iron_ingot": "2024-06-18 01:01:53 +0000"
    },
    "done": true
  },
  "swem:recipes/misc/tack_box_magenta": {
    "criteria": {
      "has_iron_ingot": "2024-06-18 01:01:53 +0000"
    },
    "done": true
  },
  "swem:recipes/misc/pasture_cyan_horse": {
    "criteria": {
      "has_iron_ingot": "2024-06-18 01:01:53 +0000"
    },
    "done": true
  },
  "securitycraft:recipes/misc/speed_module": {
    "criteria": {
      "has_iron": "2024-06-18 01:01:53 +0000"
    },
    "done": true
  },
  "securitycraft:recipes/misc/camera_monitor": {
    "criteria": {
      "has_iron": "2024-06-18 01:01:53 +0000"
    },
    "done": true
  },
  "securitycraft:recipes/misc/redstone_module": {
    "criteria": {
      "has_iron": "2024-06-18 01:01:53 +0000"
    },
    "done": true
  },
  "swem:recipes/misc/tack_box_red": {
    "criteria": {
      "has_iron_ingot": "2024-06-18 01:01:53 +0000"
    },
    "done": true
  },
  "swem:recipes/misc/plate_iron": {
    "criteria": {
      "has_ingredient": "2024-06-18 01:01:53 +0000"
    },
    "done": true
  },
  "securitycraft:recipes/misc/door_indestructible_iron_item": {
    "criteria": {
      "has_iron": "2024-06-18 01:01:53 +0000"
    },
    "done": true
  },
  "securitycraft:recipes/tools/universal_block_remover": {
    "criteria": {
      "has_iron": "2024-06-18 01:01:53 +0000"
    },
    "done": true
  },
  "minecraft:recipes/redstone/heavy_weighted_pressure_plate": {
    "criteria": {
      "has_iron_ingot": "2024-06-18 01:01:53 +0000"
    },
    "done": true
  },
  "minecraft:recipes/combat/iron_leggings": {
    "criteria": {
      "has_iron_ingot": "2024-06-18 01:01:53 +0000"
    },
    "done": true
  },
  "securitycraft:recipes/misc/blacklist_module": {
    "criteria": {
      "has_iron": "2024-06-18 01:01:53 +0000"
    },
    "done": true
  },
  "minecraft:recipes/combat/iron_chestplate": {
    "criteria": {
      "has_iron_ingot": "2024-06-18 01:01:53 +0000"
    },
    "done": true
  },
  "swem:recipes/misc/tack_box_light_gray": {
    "criteria": {
      "has_iron_ingot": "2024-06-18 01:01:53 +0000"
    },
    "done": true
  },
  "swem:recipes/misc/pasture_light_blue_horse": {
    "criteria": {
      "has_iron_ingot": "2024-06-18 01:01:53 +0000"
    },
    "done": true
  },
  "securitycraft:recipes/misc/limited_use_keycard": {
    "criteria": {
      "has_iron": "2024-06-18 01:01:53 +0000"
    },
    "done": true
  },
  "securitycraft:recipes/misc/bouncing_betty": {
    "criteria": {
      "has_iron": "2024-06-18 01:01:53 +0000"
    },
    "done": true
  },
  "minecraft:recipes/misc/iron_nugget": {
    "criteria": {
      "has_iron_ingot": "2024-06-18 01:01:53 +0000"
    },
    "done": true
  },
  "swem:recipes/misc/tack_box_white": {
    "criteria": {
      "has_iron_ingot": "2024-06-18 01:01:53 +0000"
    },
    "done": true
  },
  "minecraft:recipes/misc/bucket": {
    "criteria": {
      "has_iron_ingot": "2024-06-18 01:01:53 +0000"
    },
    "done": true
  },
  "securitycraft:recipes/misc/disguise_module": {
    "criteria": {
      "has_iron": "2024-06-18 01:01:53 +0000"
    },
    "done": true
  },
  "minecraft:recipes/transportation/minecart": {
    "criteria": {
      "has_iron_ingot": "2024-06-18 01:01:53 +0000"
    },
    "done": true
  },
  "minecraft:recipes/tools/iron_hoe": {
    "criteria": {
      "has_iron_ingot": "2024-06-18 01:01:53 +0000"
    },
    "done": true
  },
  "swem:recipes/misc/pasture_purple_care": {
    "criteria": {
      "has_iron_ingot": "2024-06-18 01:01:53 +0000"
    },
    "done": true
  },
  "swem:recipes/misc/pasture_red_horse": {
    "criteria": {
      "has_iron_ingot": "2024-06-18 01:01:53 +0000"
    },
    "done": true
  },
  "securitycraft:recipes/redstone/block_change_detector": {
    "criteria": {
      "has_iron": "2024-06-18 01:01:53 +0000"
    },
    "done": true
  },
  "swem:recipes/misc/pasture_orange_horse": {
    "criteria": {
      "has_iron_ingot": "2024-06-18 01:01:53 +0000"
    },
    "done": true
  },
  "swem:recipes/misc/pasture_green_care": {
    "criteria": {
      "has_iron_ingot": "2024-06-18 01:01:53 +0000"
    },
    "done": true
  },
  "minecraft:story/smelt_iron": {
    "criteria": {
      "iron": "2024-06-18 01:01:53 +0000"
    },
    "done": true
  },
  "swem:recipes/misc/pasture_yellow_care": {
    "criteria": {
      "has_iron_ingot": "2024-06-18 01:01:53 +0000"
    },
    "done": true
  },
  "swem:recipes/misc/tack_box_pink": {
    "criteria": {
      "has_iron_ingot": "2024-06-18 01:01:53 +0000"
    },
    "done": true
  },
  "swem:recipes/misc/pasture_light_gray_care": {
    "criteria": {
      "has_iron_ingot": "2024-06-18 01:01:53 +0000"
    },
    "done": true
  },
  "swem:recipes/misc/pasture_orange_care": {
    "criteria": {
      "has_iron_ingot": "2024-06-18 01:01:53 +0000"
    },
    "done": true
  },
  "minecraft:recipes/decorations/chain": {
    "criteria": {
      "has_iron_ingot": "2024-06-18 01:01:53 +0000"
    },
    "done": true
  },
  "swem:recipes/misc/tack_box_green": {
    "criteria": {
      "has_iron_ingot": "2024-06-18 01:01:53 +0000"
    },
    "done": true
  },
  "minecraft:recipes/decorations/smithing_table": {
    "criteria": {
      "has_iron_ingot": "2024-06-18 01:01:53 +0000"
    },
    "done": true
  },
  "swem:recipes/misc/tack_box_black": {
    "criteria": {
      "has_iron_ingot": "2024-06-18 01:01:53 +0000"
    },
    "done": true
  },
  "swem:recipes/misc/tack_box_light_blue": {
    "criteria": {
      "has_iron_ingot": "2024-06-18 01:01:53 +0000"
    },
    "done": true
  },
  "minecraft:recipes/combat/iron_sword": {
    "criteria": {
      "has_iron_ingot": "2024-06-18 01:01:53 +0000"
    },
    "done": true
  },
  "minecraft:recipes/tools/iron_pickaxe": {
    "criteria": {
      "has_iron_ingot": "2024-06-18 01:01:53 +0000"
    },
    "done": true
  },
  "swem:recipes/misc/pasture_magenta_horse": {
    "criteria": {
      "has_iron_ingot": "2024-06-18 01:01:53 +0000"
    },
    "done": true
  },
  "swem:recipes/misc/tack_box_brown": {
    "criteria": {
      "has_iron_ingot": "2024-06-18 01:01:53 +0000"
    },
    "done": true
  },
  "minecraft:recipes/combat/shield": {
    "criteria": {
      "has_iron_ingot": "2024-06-18 01:01:53 +0000"
    },
    "done": true
  },
  "swem:recipes/misc/pasture_gray_horse": {
    "criteria": {
      "has_iron_ingot": "2024-06-18 01:01:53 +0000"
    },
    "done": true
  },
  "swem:recipes/misc/pasture_red_care": {
    "criteria": {
      "has_iron_ingot": "2024-06-18 01:01:53 +0000"
    },
    "done": true
  },
  "minecraft:recipes/decorations/iron_bars": {
    "criteria": {
      "has_iron_ingot": "2024-06-18 01:01:53 +0000"
    },
    "done": true
  },
  "swem:recipes/misc/pasture_black_care": {
    "criteria": {
      "has_iron_ingot": "2024-06-18 01:01:53 +0000"
    },
    "done": true
  },
  "justhammers:recipes/tools/iron_hammer": {
    "criteria": {
      "has_material": "2024-06-18 01:01:53 +0000"
    },
    "done": true
  },
  "swem:recipes/misc/pasture_brown_horse": {
    "criteria": {
      "has_iron_ingot": "2024-06-18 01:01:53 +0000"
    },
    "done": true
  },
  "securitycraft:recipes/misc/harming_module": {
    "criteria": {
      "has_iron": "2024-06-18 01:01:53 +0000"
    },
    "done": true
  },
  "swem:recipes/misc/rivet_iron": {
    "criteria": {
      "has_ingredient": "2024-06-18 01:01:53 +0000"
    },
    "done": true
  },
  "securitycraft:recipes/misc/smart_module": {
    "criteria": {
      "has_iron": "2024-06-18 01:01:53 +0000"
    },
    "done": true
  },
  "swem:recipes/misc/pasture_black_horse": {
    "criteria": {
      "has_iron_ingot": "2024-06-18 01:01:53 +0000"
    },
    "done": true
  },
  "swem:recipes/misc/tack_box_gray": {
    "criteria": {
      "has_iron_ingot": "2024-06-18 01:01:53 +0000"
    },
    "done": true
  },
  "minecraft:recipes/tools/iron_axe": {
    "criteria": {
      "has_iron_ingot": "2024-06-18 01:01:53 +0000"
    },
    "done": true
  },
  "swem:recipes/misc/pasture_white_care": {
    "criteria": {
      "has_iron_ingot": "2024-06-18 01:01:53 +0000"
    },
    "done": true
  },
  "swem:recipes/misc/pasture_yellow_horse": {
    "criteria": {
      "has_iron_ingot": "2024-06-18 01:01:53 +0000"
    },
    "done": true
  },
  "swem:recipes/misc/tack_box_yellow": {
    "criteria": {
      "has_iron_ingot": "2024-06-18 01:01:53 +0000"
    },
    "done": true
  },
  "swem:recipes/misc/pasture_light_blue_care": {
    "criteria": {
      "has_iron_ingot": "2024-06-18 01:01:53 +0000"
    },
    "done": true
  },
  "swem:recipes/misc/pasture_pink_horse": {
    "criteria": {
      "has_iron_ingot": "2024-06-18 01:01:53 +0000"
    },
    "done": true
  },
  "minecraft:recipes/redstone/iron_door": {
    "criteria": {
      "has_iron_ingot": "2024-06-18 01:01:53 +0000"
    },
    "done": true
  },
  "alexsmobs:alexsmobs/banana_slug": {
    "criteria": {
      "killed": "2024-06-18 01:04:19 +0000"
    },
    "done": true
  },
  "tombstone:adventure/cancel_ghostly_shape": {
    "criteria": {
      "coded_trigger": "2024-06-18 01:09:39 +0000"
    },
    "done": true
  },
  "tombstone:adventure/first_knowledge": {
    "criteria": {
      "coded_trigger": "2024-06-18 01:09:39 +0000"
    },
    "done": true
  },
  "tombstone:recipes/from_grave_dust": {
    "criteria": {
      "has_ingredient": "2024-06-18 01:09:47 +0000"
    },
    "done": true
  },
  "tombstone:adventure/chain_death": {
    "criteria": {
      "coded_trigger": "2024-06-18 01:09:50 +0000"
    },
    "done": true
  },
  "tombstone:adventure/easy_opening": {
    "criteria": {
      "coded_trigger": "2024-06-18 01:10:25 +0000"
    },
    "done": true
  },
  "deep_dark_regrowth:the_forgotten_story": {
    "criteria": {
      "the_forgotten_story": "2024-06-18 01:16:03 +0000"
    },
    "done": true
  },
  "securitycraft:recipes/building_blocks/secret_birch_sign_item": {
    "criteria": {
      "has_sign": "2024-06-18 01:22:40 +0000"
    },
    "done": true
  },
  "securitycraft:recipes/building_blocks/secret_birch_hanging_sign": {
    "criteria": {
      "has_sign": "2024-06-18 01:22:40 +0000"
    },
    "done": true
  },
  "securitycraft:recipes/building_blocks/secret_warped_hanging_sign": {
    "criteria": {
      "has_sign": "2024-06-18 01:22:40 +0000"
    },
    "done": true
  },
  "securitycraft:recipes/building_blocks/secret_cherry_hanging_sign": {
    "criteria": {
      "has_sign": "2024-06-18 01:22:40 +0000"
    },
    "done": true
  },
  "securitycraft:recipes/building_blocks/secret_dark_oak_hanging_sign": {
    "criteria": {
      "has_sign": "2024-06-18 01:22:40 +0000"
    },
    "done": true
  },
  "securitycraft:recipes/building_blocks/secret_crimson_sign_item": {
    "criteria": {
      "has_sign": "2024-06-18 01:22:40 +0000"
    },
    "done": true
  },
  "securitycraft:recipes/building_blocks/secret_acacia_sign_item": {
    "criteria": {
      "has_sign": "2024-06-18 01:22:40 +0000"
    },
    "done": true
  },
  "securitycraft:recipes/building_blocks/secret_crimson_hanging_sign": {
    "criteria": {
      "has_sign": "2024-06-18 01:22:40 +0000"
    },
    "done": true
  },
  "securitycraft:recipes/building_blocks/secret_jungle_sign_item": {
    "criteria": {
      "has_sign": "2024-06-18 01:22:40 +0000"
    },
    "done": true
  },
  "securitycraft:recipes/building_blocks/secret_spruce_sign_item": {
    "criteria": {
      "has_sign": "2024-06-18 01:22:40 +0000"
    },
    "done": true
  },
  "securitycraft:recipes/building_blocks/secret_acacia_hanging_sign": {
    "criteria": {
      "has_sign": "2024-06-18 01:22:40 +0000"
    },
    "done": true
  },
  "securitycraft:recipes/building_blocks/secret_sign_item": {
    "criteria": {
      "has_sign": "2024-06-18 01:22:40 +0000"
    },
    "done": true
  },
  "securitycraft:recipes/building_blocks/secret_mangrove_hanging_sign": {
    "criteria": {
      "has_sign": "2024-06-18 01:22:40 +0000"
    },
    "done": true
  },
  "securitycraft:recipes/building_blocks/secret_warped_sign_item": {
    "criteria": {
      "has_sign": "2024-06-18 01:22:40 +0000"
    },
    "done": true
  },
  "securitycraft:recipes/building_blocks/secret_jungle_hanging_sign": {
    "criteria": {
      "has_sign": "2024-06-18 01:22:40 +0000"
    },
    "done": true
  },
  "securitycraft:recipes/building_blocks/secret_dark_oak_sign_item": {
    "criteria": {
      "has_sign": "2024-06-18 01:22:40 +0000"
    },
    "done": true
  },
  "securitycraft:recipes/building_blocks/secret_mangrove_sign_item": {
    "criteria": {
      "has_sign": "2024-06-18 01:22:40 +0000"
    },
    "done": true
  },
  "securitycraft:recipes/building_blocks/secret_bamboo_hanging_sign": {
    "criteria": {
      "has_sign": "2024-06-18 01:22:40 +0000"
    },
    "done": true
  },
  "securitycraft:recipes/building_blocks/secret_cherry_sign_item": {
    "criteria": {
      "has_sign": "2024-06-18 01:22:40 +0000"
    },
    "done": true
  },
  "securitycraft:recipes/building_blocks/secret_bamboo_sign_item": {
    "criteria": {
      "has_sign": "2024-06-18 01:22:40 +0000"
    },
    "done": true
  },
  "securitycraft:recipes/building_blocks/secret_oak_hanging_sign": {
    "criteria": {
      "has_sign": "2024-06-18 01:22:40 +0000"
    },
    "done": true
  },
  "securitycraft:recipes/building_blocks/secret_spruce_hanging_sign": {
    "criteria": {
      "has_sign": "2024-06-18 01:22:40 +0000"
    },
    "done": true
  },
  "minecraft:recipes/building_blocks/polished_deepslate": {
    "criteria": {
      "has_cobbled_deepslate": "2024-06-18 01:28:21 +0000"
    },
    "done": true
  },
  "minecraft:recipes/building_blocks/deepslate_tile_stairs_from_cobbled_deepslate_stonecutting": {
    "criteria": {
      "has_cobbled_deepslate": "2024-06-18 01:28:21 +0000"
    },
    "done": true
  },
  "minecraft:recipes/building_blocks/red_concrete_powder": {
    "criteria": {
      "has_sand": "2024-06-18 01:28:21 +0000"
    },
    "done": true
  },
  "minecraft:story/mine_stone": {
    "criteria": {
      "get_stone": "2024-06-18 01:28:21 +0000"
    },
    "done": true
  },
  "minecraft:recipes/decorations/furnace": {
    "criteria": {
      "has_cobblestone": "2024-06-18 01:28:21 +0000"
    },
    "done": true
  },
  "minecraft:recipes/building_blocks/green_concrete_powder": {
    "criteria": {
      "has_sand": "2024-06-18 01:28:21 +0000"
    },
    "done": true
  },
  "minecraft:recipes/building_blocks/blue_concrete_powder": {
    "criteria": {
      "has_sand": "2024-06-18 01:28:21 +0000"
    },
    "done": true
  },
  "securitycraft:recipes/building_blocks/reinforced_andesite_with_vanilla_diorite": {
    "criteria": {
      "has_cobblestone": "2024-06-18 01:28:21 +0000"
    },
    "done": true
  },
  "minecraft:recipes/building_blocks/cobbled_deepslate_slab": {
    "criteria": {
      "has_cobbled_deepslate": "2024-06-18 01:28:21 +0000"
    },
    "done": true
  },
  "securitycraft:recipes/building_blocks/reinforced_andesite_with_vanilla_cobblestone": {
    "criteria": {
      "has_cobblestone": "2024-06-18 01:28:21 +0000"
    },
    "done": true
  },
  "minecraft:recipes/building_blocks/polished_deepslate_stairs_from_cobbled_deepslate_stonecutting": {
    "criteria": {
      "has_cobbled_deepslate": "2024-06-18 01:28:21 +0000"
    },
    "done": true
  },
  "minecraft:recipes/building_blocks/lime_concrete_powder": {
    "criteria": {
      "has_sand": "2024-06-18 01:28:21 +0000"
    },
    "done": true
  },
  "minecraft:recipes/decorations/deepslate_brick_wall_from_cobbled_deepslate_stonecutting": {
    "criteria": {
      "has_cobbled_deepslate": "2024-06-18 01:28:21 +0000"
    },
    "done": true
  },
  "minecraft:recipes/building_blocks/polished_deepslate_from_cobbled_deepslate_stonecutting": {
    "criteria": {
      "has_cobbled_deepslate": "2024-06-18 01:28:21 +0000"
    },
    "done": true
  },
  "minecraft:recipes/building_blocks/orange_concrete_powder": {
    "criteria": {
      "has_sand": "2024-06-18 01:28:21 +0000"
    },
    "done": true
  },
  "minecraft:recipes/tools/stone_pickaxe": {
    "criteria": {
      "has_cobblestone": "2024-06-18 01:28:21 +0000"
    },
    "done": true
  },
  "minecraft:recipes/building_blocks/cobbled_deepslate_slab_from_cobbled_deepslate_stonecutting": {
    "criteria": {
      "has_cobbled_deepslate": "2024-06-18 01:28:21 +0000"
    },
    "done": true
  },
  "minecraft:recipes/building_blocks/magenta_concrete_powder": {
    "criteria": {
      "has_sand": "2024-06-18 01:28:21 +0000"
    },
    "done": true
  },
  "minecraft:recipes/building_blocks/deepslate_tile_slab_from_cobbled_deepslate_stonecutting": {
    "criteria": {
      "has_cobbled_deepslate": "2024-06-18 01:28:21 +0000"
    },
    "done": true
  },
  "minecraft:recipes/decorations/deepslate_tile_wall_from_cobbled_deepslate_stonecutting": {
    "criteria": {
      "has_cobbled_deepslate": "2024-06-18 01:28:21 +0000"
    },
    "done": true
  },
  "minecraft:recipes/building_blocks/black_concrete_powder": {
    "criteria": {
      "has_sand": "2024-06-18 01:28:21 +0000"
    },
    "done": true
  },
  "minecraft:recipes/building_blocks/purple_concrete_powder": {
    "criteria": {
      "has_sand": "2024-06-18 01:28:21 +0000"
    },
    "done": true
  },
  "minecraft:recipes/building_blocks/cyan_concrete_powder": {
    "criteria": {
      "has_sand": "2024-06-18 01:28:21 +0000"
    },
    "done": true
  },
  "minecraft:recipes/tools/stone_shovel": {
    "criteria": {
      "has_cobblestone": "2024-06-18 01:28:21 +0000"
    },
    "done": true
  },
  "minecraft:recipes/building_blocks/light_gray_concrete_powder": {
    "criteria": {
      "has_sand": "2024-06-18 01:28:21 +0000"
    },
    "done": true
  },
  "minecraft:recipes/building_blocks/pink_concrete_powder": {
    "criteria": {
      "has_sand": "2024-06-18 01:28:21 +0000"
    },
    "done": true
  },
  "minecraft:recipes/building_blocks/deepslate_brick_stairs_from_cobbled_deepslate_stonecutting": {
    "criteria": {
      "has_cobbled_deepslate": "2024-06-18 01:28:21 +0000"
    },
    "done": true
  },
  "minecraft:recipes/combat/stone_sword": {
    "criteria": {
      "has_cobblestone": "2024-06-18 01:28:21 +0000"
    },
    "done": true
  },
  "minecraft:recipes/tools/stone_axe": {
    "criteria": {
      "has_cobblestone": "2024-06-18 01:28:21 +0000"
    },
    "done": true
  },
  "minecraft:recipes/building_blocks/brown_concrete_powder": {
    "criteria": {
      "has_sand": "2024-06-18 01:28:21 +0000"
    },
    "done": true
  },
  "minecraft:recipes/building_blocks/light_blue_concrete_powder": {
    "criteria": {
      "has_sand": "2024-06-18 01:28:21 +0000"
    },
    "done": true
  },
  "minecraft:recipes/building_blocks/glass": {
    "criteria": {
      "has_smelts_to_glass": "2024-06-18 01:28:21 +0000"
    },
    "done": true
  },
  "securitycraft:recipes/redstone/laser_block": {
    "criteria": {
      "has_stone": "2024-06-18 01:28:21 +0000"
    },
    "done": true
  },
  "minecraft:recipes/building_blocks/chiseled_deepslate_from_cobbled_deepslate_stonecutting": {
    "criteria": {
      "has_cobbled_deepslate": "2024-06-18 01:28:21 +0000"
    },
    "done": true
  },
  "minecraft:recipes/decorations/cobbled_deepslate_wall_from_cobbled_deepslate_stonecutting": {
    "criteria": {
      "has_cobbled_deepslate": "2024-06-18 01:28:21 +0000"
    },
    "done": true
  },
  "minecraft:recipes/building_blocks/white_concrete_powder": {
    "criteria": {
      "has_sand": "2024-06-18 01:28:21 +0000"
    },
    "done": true
  },
  "minecraft:recipes/decorations/cobbled_deepslate_wall": {
    "criteria": {
      "has_cobbled_deepslate": "2024-06-18 01:28:21 +0000"
    },
    "done": true
  },
  "minecraft:recipes/decorations/polished_deepslate_wall_from_cobbled_deepslate_stonecutting": {
    "criteria": {
      "has_cobbled_deepslate": "2024-06-18 01:28:21 +0000"
    },
    "done": true
  },
  "minecraft:recipes/building_blocks/cobbled_deepslate_stairs_from_cobbled_deepslate_stonecutting": {
    "criteria": {
      "has_cobbled_deepslate": "2024-06-18 01:28:21 +0000"
    },
    "done": true
  },
  "minecraft:recipes/building_blocks/deepslate": {
    "criteria": {
      "has_cobbled_deepslate": "2024-06-18 01:28:21 +0000"
    },
    "done": true
  },
  "minecraft:recipes/building_blocks/polished_deepslate_slab_from_cobbled_deepslate_stonecutting": {
    "criteria": {
      "has_cobbled_deepslate": "2024-06-18 01:28:21 +0000"
    },
    "done": true
  },
  "minecraft:recipes/building_blocks/deepslate_brick_slab_from_cobbled_deepslate_stonecutting": {
    "criteria": {
      "has_cobbled_deepslate": "2024-06-18 01:28:21 +0000"
    },
    "done": true
  },
  "minecraft:recipes/building_blocks/cobbled_deepslate_stairs": {
    "criteria": {
      "has_cobbled_deepslate": "2024-06-18 01:28:21 +0000"
    },
    "done": true
  },
  "minecraft:recipes/building_blocks/yellow_concrete_powder": {
    "criteria": {
      "has_sand": "2024-06-18 01:28:21 +0000"
    },
    "done": true
  },
  "securitycraft:recipes/building_blocks/reinforced_andesite": {
    "criteria": {
      "has_cobblestone": "2024-06-18 01:28:21 +0000"
    },
    "done": true
  },
  "minecraft:recipes/building_blocks/sandstone": {
    "criteria": {
      "has_sand": "2024-06-18 01:28:21 +0000"
    },
    "done": true
  },
  "securitycraft:recipes/building_blocks/reinforced_diorite": {
    "criteria": {
      "has_cobblestone": "2024-06-18 01:28:21 +0000"
    },
    "done": true
  },
  "minecraft:recipes/building_blocks/gray_concrete_powder": {
    "criteria": {
      "has_sand": "2024-06-18 01:28:21 +0000"
    },
    "done": true
  },
  "minecraft:recipes/building_blocks/deepslate_bricks_from_cobbled_deepslate_stonecutting": {
    "criteria": {
      "has_cobbled_deepslate": "2024-06-18 01:28:21 +0000"
    },
    "done": true
  },
  "minecraft:recipes/building_blocks/deepslate_tiles_from_cobbled_deepslate_stonecutting": {
    "criteria": {
      "has_cobbled_deepslate": "2024-06-18 01:28:21 +0000"
    },
    "done": true
  },
  "minecraft:recipes/tools/stone_hoe": {
    "criteria": {
      "has_cobblestone": "2024-06-18 01:28:21 +0000"
    },
    "done": true
  },
  "minecraft:recipes/decorations/fletching_table": {
    "criteria": {
      "has_flint": "2024-06-18 01:30:35 +0000"
    },
    "done": true
  },
  "minecraft:recipes/combat/arrow": {
    "criteria": {
      "has_flint": "2024-06-18 01:30:35 +0000"
    },
    "done": true
  },
  "minecraft:recipes/tools/flint_and_steel": {
    "criteria": {
      "has_flint": "2024-06-18 01:30:35 +0000"
    },
    "done": true
  },
  "regions_unexplored:recipes/building_blocks/peat_coarse_dirt": {
    "criteria": {
      "has_gravel": "2024-06-18 01:33:39 +0000"
    },
    "done": true
  },
  "minecraft:recipes/building_blocks/coarse_dirt": {
    "criteria": {
      "has_gravel": "2024-06-18 01:33:39 +0000"
    },
    "done": true
  },
  "regions_unexplored:recipes/building_blocks/silt_coarse_dirt": {
    "criteria": {
      "has_gravel": "2024-06-18 01:33:39 +0000"
    },
    "done": true
  },
  "tombstone:adventure/find_grave_dust": {
    "criteria": {
      "from_undead": "2024-06-18 01:42:20 +0000"
    },
    "done": true
  },
  "minecraft:adventure/kill_all_mobs": {
    "criteria": {
      "minecraft:skeleton": "2024-06-19 04:47:37 +0000",
      "minecraft:zoglin": "2024-06-19 04:57:34 +0000",
      "minecraft:ghast": "2024-06-19 04:55:21 +0000",
      "minecraft:spider": "2024-06-18 02:09:34 +0000",
      "minecraft:creeper": "2024-06-18 02:28:50 +0000",
      "minecraft:zombified_piglin": "2024-06-19 04:54:34 +0000",
      "minecraft:wither_skeleton": "2024-06-19 04:58:03 +0000",
      "minecraft:stray": "2024-06-18 01:42:20 +0000",
      "minecraft:zombie": "2024-06-19 04:47:26 +0000",
      "minecraft:drowned": "2024-06-19 04:56:21 +0000",
      "minecraft:zombie_villager": "2024-06-19 04:47:20 +0000"
    },
    "done": false
  },
  "minecraft:adventure/kill_a_mob": {
    "criteria": {
      "minecraft:stray": "2024-06-18 01:42:20 +0000"
    },
    "done": true
  },
  "thinair:soul": {
    "criteria": {
      "bad_air": "2024-06-18 01:45:09 +0000"
    },
    "done": true
  },
  "swem:recipes/misc/whitewash_stall_care": {
    "criteria": {
      "has_bars": "2024-06-18 01:46:48 +0000"
    },
    "done": true
  },
  "swem:recipes/misc/dark_oak_stall_horse": {
    "criteria": {
      "has_bars": "2024-06-18 01:46:48 +0000"
    },
    "done": true
  },
  "swem:recipes/misc/acacia_stall_care": {
    "criteria": {
      "has_bars": "2024-06-18 01:46:48 +0000"
    },
    "done": true
  },
  "swem:recipes/misc/birch_stall_care": {
    "criteria": {
      "has_bars": "2024-06-18 01:46:48 +0000"
    },
    "done": true
  },
  "swem:recipes/misc/spruce_stall_horse": {
    "criteria": {
      "has_bars": "2024-06-18 01:46:48 +0000"
    },
    "done": true
  },
  "swem:recipes/misc/oak_stall_horse": {
    "criteria": {
      "has_bars": "2024-06-18 01:46:48 +0000"
    },
    "done": true
  },
  "swem:recipes/misc/jungle_stall_care": {
    "criteria": {
      "has_bars": "2024-06-18 01:46:48 +0000"
    },
    "done": true
  },
  "swem:recipes/misc/spruce_stall_care": {
    "criteria": {
      "has_bars": "2024-06-18 01:46:48 +0000"
    },
    "done": true
  },
  "swem:recipes/misc/dark_oak_stall_care": {
    "criteria": {
      "has_bars": "2024-06-18 01:46:48 +0000"
    },
    "done": true
  },
  "swem:recipes/misc/oak_stall_care": {
    "criteria": {
      "has_bars": "2024-06-18 01:46:48 +0000"
    },
    "done": true
  },
  "swem:recipes/misc/birch_stall_horse": {
    "criteria": {
      "has_bars": "2024-06-18 01:46:48 +0000"
    },
    "done": true
  },
  "swem:recipes/misc/acacia_stall_horse": {
    "criteria": {
      "has_bars": "2024-06-18 01:46:48 +0000"
    },
    "done": true
  },
  "swem:recipes/misc/whitewash_stall_horse": {
    "criteria": {
      "has_bars": "2024-06-18 01:46:48 +0000"
    },
    "done": true
  },
  "swem:recipes/misc/jungle_stall_horse": {
    "criteria": {
      "has_bars": "2024-06-18 01:46:48 +0000"
    },
    "done": true
  },
  "minecraft:adventure/avoid_vibration": {
    "criteria": {
      "avoid_vibration": "2024-06-18 01:53:25 +0000"
    },
    "done": true
  },
  "undead_revamp2:devillhunter": {
    "criteria": {
      "devillhunter": "2024-06-18 02:08:36 +0000"
    },
    "done": true
  },
  "minecraft:husbandry/root": {
    "criteria": {
      "consumed_item": "2024-06-18 02:09:21 +0000"
    },
    "done": true
  },
  "minecraft:recipes/decorations/ladder": {
    "criteria": {
      "has_stick": "2024-06-18 02:10:11 +0000"
    },
    "done": true
  },
  "securitycraft:recipes/redstone/reinforced_birch_fence_gate": {
    "criteria": {
      "has_stick": "2024-06-18 02:10:11 +0000"
    },
    "done": true
  },
  "securitycraft:recipes/redstone/reinforced_crimson_fence_gate": {
    "criteria": {
      "has_stick": "2024-06-18 02:10:11 +0000"
    },
    "done": true
  },
  "securitycraft:recipes/misc/motion_activated_light": {
    "criteria": {
      "has_stick": "2024-06-18 02:10:11 +0000"
    },
    "done": true
  },
  "securitycraft:recipes/redstone/reinforced_jungle_fence_gate": {
    "criteria": {
      "has_stick": "2024-06-18 02:10:11 +0000"
    },
    "done": true
  },
  "minecraft:recipes/tools/wooden_axe": {
    "criteria": {
      "has_stick": "2024-06-18 02:10:11 +0000"
    },
    "done": true
  },
  "swem:recipes/misc/western_fence_acacia": {
    "criteria": {
      "has_stick": "2024-06-18 02:10:11 +0000"
    },
    "done": true
  },
  "securitycraft:recipes/redstone/reinforced_spruce_fence_gate": {
    "criteria": {
      "has_stick": "2024-06-18 02:10:11 +0000"
    },
    "done": true
  },
  "securitycraft:recipes/misc/reinforced_acacia_fence": {
    "criteria": {
      "has_stick": "2024-06-18 02:10:11 +0000"
    },
    "done": true
  },
  "swem:recipes/misc/pasture_fence_whitewash": {
    "criteria": {
      "has_stick": "2024-06-18 02:10:11 +0000"
    },
    "done": true
  },
  "securitycraft:recipes/redstone/reinforced_bamboo_fence_gate": {
    "criteria": {
      "has_stick": "2024-06-18 02:10:11 +0000"
    },
    "done": true
  },
  "minecraft:recipes/decorations/campfire": {
    "criteria": {
      "has_stick": "2024-06-18 02:10:11 +0000"
    },
    "done": true
  },
  "minecraft:recipes/tools/wooden_hoe": {
    "criteria": {
      "has_stick": "2024-06-18 02:10:11 +0000"
    },
    "done": true
  },
  "swem:recipes/misc/western_fence_spruce": {
    "criteria": {
      "has_stick": "2024-06-18 02:10:11 +0000"
    },
    "done": true
  },
  "securitycraft:recipes/misc/sonic_security_system": {
    "criteria": {
      "has_stick": "2024-06-18 02:10:11 +0000"
    },
    "done": true
  },
  "swem:recipes/misc/pasture_fence_acacia": {
    "criteria": {
      "has_stick": "2024-06-18 02:10:11 +0000"
    },
    "done": true
  },
  "minecraft:recipes/tools/wooden_shovel": {
    "criteria": {
      "has_stick": "2024-06-18 02:10:11 +0000"
    },
    "done": true
  },
  "securitycraft:recipes/redstone/reinforced_dark_oak_fence_gate": {
    "criteria": {
      "has_stick": "2024-06-18 02:10:11 +0000"
    },
    "done": true
  },
  "minecraft:recipes/combat/wooden_sword": {
    "criteria": {
      "has_stick": "2024-06-18 02:10:11 +0000"
    },
    "done": true
  },
  "securitycraft:recipes/misc/reinforced_birch_fence": {
    "criteria": {
      "has_stick": "2024-06-18 02:10:11 +0000"
    },
    "done": true
  },
  "securitycraft:recipes/misc/reinforced_dark_oak_fence": {
    "criteria": {
      "has_stick": "2024-06-18 02:10:11 +0000"
    },
    "done": true
  },
  "securitycraft:recipes/misc/reinforced_oak_fence": {
    "criteria": {
      "has_stick": "2024-06-18 02:10:11 +0000"
    },
    "done": true
  },
  "swem:recipes/misc/western_fence_oak": {
    "criteria": {
      "has_stick": "2024-06-18 02:10:11 +0000"
    },
    "done": true
  },
  "securitycraft:recipes/redstone/reinforced_oak_fence_gate": {
    "criteria": {
      "has_stick": "2024-06-18 02:10:11 +0000"
    },
    "done": true
  },
  "securitycraft:recipes/misc/reinforced_bamboo_fence": {
    "criteria": {
      "has_stick": "2024-06-18 02:10:11 +0000"
    },
    "done": true
  },
  "securitycraft:recipes/misc/reinforced_crimson_fence": {
    "criteria": {
      "has_stick": "2024-06-18 02:10:11 +0000"
    },
    "done": true
  },
  "swem:recipes/misc/pasture_fence_spruce": {
    "criteria": {
      "has_stick": "2024-06-18 02:10:11 +0000"
    },
    "done": true
  },
  "swem:recipes/misc/western_fence_jungle": {
    "criteria": {
      "has_stick": "2024-06-18 02:10:11 +0000"
    },
    "done": true
  },
  "securitycraft:recipes/misc/reinforced_jungle_fence": {
    "criteria": {
      "has_stick": "2024-06-18 02:10:11 +0000"
    },
    "done": true
  },
  "securitycraft:recipes/misc/reinforced_warped_fence": {
    "criteria": {
      "has_stick": "2024-06-18 02:10:11 +0000"
    },
    "done": true
  },
  "swem:recipes/misc/pasture_fence_oak": {
    "criteria": {
      "has_stick": "2024-06-18 02:10:11 +0000"
    },
    "done": true
  },
  "swem:recipes/misc/pasture_fence_birch": {
    "criteria": {
      "has_stick": "2024-06-18 02:10:11 +0000"
    },
    "done": true
  },
  "securitycraft:recipes/redstone/reinforced_cherry_fence_gate": {
    "criteria": {
      "has_stick": "2024-06-18 02:10:11 +0000"
    },
    "done": true
  },
  "swem:recipes/misc/western_fence_birch": {
    "criteria": {
      "has_stick": "2024-06-18 02:10:11 +0000"
    },
    "done": true
  },
  "swem:recipes/misc/pasture_fence_jungle": {
    "criteria": {
      "has_stick": "2024-06-18 02:10:11 +0000"
    },
    "done": true
  },
  "securitycraft:recipes/redstone/reinforced_acacia_fence_gate": {
    "criteria": {
      "has_stick": "2024-06-18 02:10:11 +0000"
    },
    "done": true
  },
  "securitycraft:recipes/misc/reinforced_cherry_fence": {
    "criteria": {
      "has_stick": "2024-06-18 02:10:11 +0000"
    },
    "done": true
  },
  "securitycraft:recipes/redstone/reinforced_warped_fence_gate": {
    "criteria": {
      "has_stick": "2024-06-18 02:10:11 +0000"
    },
    "done": true
  },
  "minecraft:recipes/tools/wooden_pickaxe": {
    "criteria": {
      "has_stick": "2024-06-18 02:10:11 +0000"
    },
    "done": true
  },
  "securitycraft:recipes/redstone/reinforced_mangrove_fence_gate": {
    "criteria": {
      "has_stick": "2024-06-18 02:10:11 +0000"
    },
    "done": true
  },
  "securitycraft:recipes/misc/reinforced_mangrove_fence": {
    "criteria": {
      "has_stick": "2024-06-18 02:10:11 +0000"
    },
    "done": true
  },
  "swem:recipes/misc/western_fence_whitewash": {
    "criteria": {
      "has_stick": "2024-06-18 02:10:11 +0000"
    },
    "done": true
  },
  "swem:recipes/misc/western_fence_dark_oak": {
    "criteria": {
      "has_stick": "2024-06-18 02:10:11 +0000"
    },
    "done": true
  },
  "swem:recipes/misc/pasture_fence_dark_oak": {
    "criteria": {
      "has_stick": "2024-06-18 02:10:11 +0000"
    },
    "done": true
  },
  "securitycraft:recipes/misc/reinforced_spruce_fence": {
    "criteria": {
      "has_stick": "2024-06-18 02:10:11 +0000"
    },
    "done": true
  },
  "swem:recipes/misc/wheel_barrow_brown": {
    "criteria": {
      "has_bucket": "2024-06-18 02:10:53 +0000"
    },
    "done": true
  },
  "swem:recipes/misc/wheel_barrow_gray": {
    "criteria": {
      "has_bucket": "2024-06-18 02:10:53 +0000"
    },
    "done": true
  },
  "swem:recipes/misc/wheel_barrow_orange": {
    "criteria": {
      "has_bucket": "2024-06-18 02:10:53 +0000"
    },
    "done": true
  },
  "swem:recipes/misc/wheel_barrow_magenta": {
    "criteria": {
      "has_bucket": "2024-06-18 02:10:53 +0000"
    },
    "done": true
  },
  "swem:recipes/misc/wheel_barrow_blue": {
    "criteria": {
      "has_bucket": "2024-06-18 02:10:53 +0000"
    },
    "done": true
  },
  "swem:recipes/misc/wheel_barrow_lime": {
    "criteria": {
      "has_bucket": "2024-06-18 02:10:53 +0000"
    },
    "done": true
  },
  "swem:recipes/misc/wheel_barrow_light_gray": {
    "criteria": {
      "has_bucket": "2024-06-18 02:10:53 +0000"
    },
    "done": true
  },
  "swem:recipes/misc/wheel_barrow_cyan": {
    "criteria": {
      "has_bucket": "2024-06-18 02:10:53 +0000"
    },
    "done": true
  },
  "swem:recipes/misc/wheel_barrow_black": {
    "criteria": {
      "has_bucket": "2024-06-18 02:10:53 +0000"
    },
    "done": true
  },
  "swem:recipes/misc/wheel_barrow_green": {
    "criteria": {
      "has_bucket": "2024-06-18 02:10:53 +0000"
    },
    "done": true
  },
  "swem:recipes/misc/wheel_barrow_yellow": {
    "criteria": {
      "has_bucket": "2024-06-18 02:10:53 +0000"
    },
    "done": true
  },
  "swem:recipes/misc/wheel_barrow_light_blue": {
    "criteria": {
      "has_bucket": "2024-06-18 02:10:53 +0000"
    },
    "done": true
  },
  "swem:recipes/misc/wheel_barrow_red": {
    "criteria": {
      "has_bucket": "2024-06-18 02:10:53 +0000"
    },
    "done": true
  },
  "swem:recipes/misc/wheel_barrow_purple": {
    "criteria": {
      "has_bucket": "2024-06-18 02:10:53 +0000"
    },
    "done": true
  },
  "swem:recipes/misc/wheel_barrow_pink": {
    "criteria": {
      "has_bucket": "2024-06-18 02:10:53 +0000"
    },
    "done": true
  },
  "swem:recipes/misc/wheel_barrow_white": {
    "criteria": {
      "has_bucket": "2024-06-18 02:10:53 +0000"
    },
    "done": true
  },
  "minecraft:recipes/misc/mojang_banner_pattern": {
    "criteria": {
      "has_enchanted_golden_apple": "2024-06-18 02:12:26 +0000"
    },
    "done": true
  },
  "tombstone:adventure/strong_or_careful": {
    "criteria": {
      "coded_trigger": "2024-06-18 02:12:29 +0000"
    },
    "done": true
  },
  "minecraft:recipes/decorations/snow": {
    "criteria": {
      "has_snowball": "2024-06-18 02:13:06 +0000"
    },
    "done": true
  },
  "minecraft:recipes/building_blocks/snow_block": {
    "criteria": {
      "has_snowball": "2024-06-18 02:13:06 +0000"
    },
    "done": true
  },
  "regions_unexplored:recipes/decorations/spruce_shrub": {
    "criteria": {
      "has_spruce_sapling": "2024-06-18 02:13:34 +0000"
    },
    "done": true
  },
  "minecraft:husbandry/balanced_diet": {
    "criteria": {
      "pufferfish": "2024-06-19 23:33:05 +0000",
      "enchanted_golden_apple": "2024-06-18 02:13:38 +0000"
    },
    "done": false
  },
  "minecraft:recipes/misc/charcoal": {
    "criteria": {
      "has_log": "2024-06-18 02:15:06 +0000"
    },
    "done": true
  },
  "regions_unexplored:recipes/decorations/spruce_branch_from_spruce_log": {
    "criteria": {
      "has_log": "2024-06-18 02:15:06 +0000"
    },
    "done": true
  },
  "securitycraft:recipes/misc/sc_manual": {
    "criteria": {
      "has_wood": "2024-06-18 02:15:06 +0000"
    },
    "done": true
  },
  "minecraft:recipes/building_blocks/spruce_wood": {
    "criteria": {
      "has_log": "2024-06-18 02:15:06 +0000"
    },
    "done": true
  },
  "minecraft:recipes/building_blocks/spruce_planks": {
    "criteria": {
      "has_logs": "2024-06-18 02:15:06 +0000"
    },
    "done": true
  },
  "minecraft:story/obtain_armor": {
    "criteria": {
      "iron_chestplate": "2024-06-18 02:25:25 +0000"
    },
    "done": true
  },
  "swem:recipes/misc/toy_string_treats": {
    "criteria": {
      "has_string": "2024-06-18 02:25:27 +0000"
    },
    "done": true
  },
  "minecraft:recipes/redstone/tripwire_hook": {
    "criteria": {
      "has_string": "2024-06-18 02:25:27 +0000"
    },
    "done": true
  },
  "minecraft:recipes/decorations/candle": {
    "criteria": {
      "has_string": "2024-06-18 02:25:27 +0000"
    },
    "done": true
  },
  "minecraft:recipes/combat/bow": {
    "criteria": {
      "has_string": "2024-06-18 02:25:27 +0000"
    },
    "done": true
  },
  "minecraft:recipes/tools/fishing_rod": {
    "criteria": {
      "has_string": "2024-06-18 02:25:27 +0000"
    },
    "done": true
  },
  "minecraft:recipes/building_blocks/white_wool_from_string": {
    "criteria": {
      "has_string": "2024-06-18 02:25:27 +0000"
    },
    "done": true
  },
  "minecraft:recipes/decorations/loom": {
    "criteria": {
      "has_string": "2024-06-18 02:25:27 +0000"
    },
    "done": true
  },
  "mowziesmobs:kill_naga": {
    "criteria": {
      "naga": "2024-06-18 02:28:01 +0000"
    },
    "done": true
  },
  "regions_unexplored:recipes/building_blocks/ash": {
    "criteria": {
      "has_gunpowder": "2024-06-18 02:29:49 +0000"
    },
    "done": true
  },
  "minecraft:recipes/misc/firework_rocket_simple": {
    "criteria": {
      "has_gunpowder": "2024-06-18 02:29:49 +0000"
    },
    "done": true
  },
  "minecraft:recipes/redstone/tnt": {
    "criteria": {
      "has_gunpowder": "2024-06-18 02:29:49 +0000"
    },
    "done": true
  },
  "regions_unexplored:recipes/building_blocks/pine_planks": {
    "criteria": {
      "has_logs": "2024-06-18 02:30:54 +0000"
    },
    "done": true
  },
  "regions_unexplored:recipes/decorations/pine_shrub": {
    "criteria": {
      "has_pine_sapling": "2024-06-18 02:30:54 +0000"
    },
    "done": true
  },
  "regions_unexplored:got_wood": {
    "criteria": {
      "pine_log": "2024-06-18 02:30:54 +0000"
    },
    "done": false
  },
  "regions_unexplored:recipes/decorations/pine_branch_from_pine_log": {
    "criteria": {
      "has_log": "2024-06-18 02:30:54 +0000"
    },
    "done": true
  },
  "regions_unexplored:recipes/building_blocks/pine_wood": {
    "criteria": {
      "has_log": "2024-06-18 02:30:54 +0000"
    },
    "done": true
  },
  "alexsmobs:alexsmobs/crocodile": {
    "criteria": {
      "killed_by": "2024-06-18 02:35:23 +0000"
    },
    "done": true
  },
  "minecraft:recipes/brewing/cauldron": {
    "criteria": {
      "has_water_bucket": "2024-06-18 02:36:18 +0000"
    },
    "done": true
  },
  "minecraft:recipes/food/cooked_salmon_from_campfire_cooking": {
    "criteria": {
      "has_salmon": "2024-06-18 02:37:15 +0000"
    },
    "done": true
  },
  "minecraft:recipes/food/cooked_salmon": {
    "criteria": {
      "has_salmon": "2024-06-18 02:37:15 +0000"
    },
    "done": true
  },
  "minecraft:recipes/food/cooked_salmon_from_smoking": {
    "criteria": {
      "has_salmon": "2024-06-18 02:37:15 +0000"
    },
    "done": true
  },
  "thinair:recipes/tools/air_bladder": {
    "criteria": {
      "in_dangerous_air": "2024-06-18 02:37:17 +0000"
    },
    "done": true
  },
  "thinair:root": {
    "criteria": {
      "bad_air": "2024-06-18 02:37:17 +0000"
    },
    "done": true
  },
  "thinair:protection_from_yellow": {
    "criteria": {
      "protecc": "2024-06-18 02:37:17 +0000"
    },
    "done": true
  },
  "thinair:recipes/tools/safety_lantern": {
    "criteria": {
      "in_dangerous_air": "2024-06-18 02:37:17 +0000"
    },
    "done": true
  },
  "thinair:protection_from_red": {
    "criteria": {
      "protecc": "2024-06-18 02:37:17 +0000"
    },
    "done": true
  },
  "thinair:recipes/tools/respirator": {
    "criteria": {
      "in_dangerous_air": "2024-06-18 02:37:17 +0000"
    },
    "done": true
  },
  "simplyswords:runic_weapon": {
    "criteria": {
      "requirement": "2024-06-19 04:46:25 +0000"
    },
    "done": true
  },
  "simplyswords:ribboncleaver": {
    "criteria": {
      "requirement": "2024-06-19 04:50:23 +0000"
    },
    "done": true
  },
  "tombstone:adventure/ashes_and_bones": {
    "criteria": {
      "coded_trigger": "2024-06-19 04:51:25 +0000"
    },
    "done": true
  },
  "swem:recipes/misc/rivet_copper": {
    "criteria": {
      "has_ingredient": "2024-06-19 04:53:45 +0000"
    },
    "done": true
  },
  "minecraft:recipes/redstone/lightning_rod": {
    "criteria": {
      "has_copper_ingot": "2024-06-19 04:53:45 +0000"
    },
    "done": true
  },
  "minecraft:recipes/building_blocks/copper_block": {
    "criteria": {
      "has_copper_ingot": "2024-06-19 04:53:45 +0000"
    },
    "done": true
  },
  "minecraft:recipes/tools/brush": {
    "criteria": {
      "has_copper_ingot": "2024-06-19 04:53:45 +0000"
    },
    "done": true
  },
  "swem:recipes/misc/plate_copper": {
    "criteria": {
      "has_ingredient": "2024-06-19 04:53:45 +0000"
    },
    "done": true
  },
  "minecraft:recipes/building_blocks/coal_block": {
    "criteria": {
      "has_coal": "2024-06-19 04:54:17 +0000"
    },
    "done": true
  },
  "minecraft:recipes/misc/gold_nugget_from_blasting": {
    "criteria": {
      "has_golden_sword": "2024-06-19 04:54:35 +0000"
    },
    "done": true
  },
  "minecraft:recipes/misc/gold_nugget_from_smelting": {
    "criteria": {
      "has_golden_sword": "2024-06-19 04:54:35 +0000"
    },
    "done": true
  },
  "minecraft:recipes/brewing/golden_carrot": {
    "criteria": {
      "has_gold_nugget": "2024-06-19 04:54:36 +0000"
    },
    "done": true
  },
  "minecraft:recipes/misc/gold_ingot_from_nuggets": {
    "criteria": {
      "has_gold_nugget": "2024-06-19 04:54:36 +0000"
    },
    "done": true
  },
  "regions_unexplored:recipes/decorations/pink_magnolia_shrub": {
    "criteria": {
      "has_pink_magnolia_sapling": "2024-06-19 04:54:41 +0000"
    },
    "done": true
  },
  "minecraft:nether/uneasy_alliance": {
    "criteria": {
      "killed_ghast": "2024-06-19 04:55:21 +0000"
    },
    "done": true
  },
  "securitycraft:recipes/building_blocks/reinforced_packed_mud": {
    "criteria": {
      "has_wheat": "2024-06-19 04:55:32 +0000"
    },
    "done": true
  },
  "minecraft:recipes/food/bread": {
    "criteria": {
      "has_wheat": "2024-06-19 04:55:32 +0000"
    },
    "done": true
  },
  "minecraft:recipes/building_blocks/hay_block": {
    "criteria": {
      "has_wheat": "2024-06-19 04:55:32 +0000"
    },
    "done": true
  },
  "minecraft:recipes/combat/spectral_arrow": {
    "criteria": {
      "has_glowstone_dust": "2024-06-19 04:55:32 +0000"
    },
    "done": true
  },
  "minecraft:recipes/building_blocks/glowstone": {
    "criteria": {
      "has_glowstone_dust": "2024-06-19 04:55:32 +0000"
    },
    "done": true
  },
  "minecraft:recipes/combat/leather_helmet": {
    "criteria": {
      "has_leather": "2024-06-19 05:02:07 +0000"
    },
    "done": true
  },
  "minecraft:recipes/combat/leather_chestplate": {
    "criteria": {
      "has_leather": "2024-06-19 05:02:07 +0000"
    },
    "done": true
  },
  "minecraft:recipes/misc/leather_horse_armor": {
    "criteria": {
      "has_leather": "2024-06-19 05:02:07 +0000"
    },
    "done": true
  },
  "minecraft:recipes/decorations/item_frame": {
    "criteria": {
      "has_leather": "2024-06-19 05:02:07 +0000"
    },
    "done": true
  },
  "minecraft:recipes/combat/leather_boots": {
    "criteria": {
      "has_leather": "2024-06-19 05:02:07 +0000"
    },
    "done": true
  },
  "minecraft:recipes/combat/leather_leggings": {
    "criteria": {
      "has_leather": "2024-06-19 05:02:07 +0000"
    },
    "done": true
  },
  "swem:recipes/misc/leather_treated": {
    "criteria": {
      "has_leather": "2024-06-19 05:02:07 +0000"
    },
    "done": true
  },
  "minecraft:recipes/food/cooked_beef_from_smoking": {
    "criteria": {
      "has_beef": "2024-06-19 05:02:19 +0000"
    },
    "done": true
  },
  "minecraft:recipes/food/cooked_beef": {
    "criteria": {
      "has_beef": "2024-06-19 05:02:19 +0000"
    },
    "done": true
  },
  "minecraft:recipes/food/cooked_beef_from_campfire_cooking": {
    "criteria": {
      "has_beef": "2024-06-19 05:02:19 +0000"
    },
    "done": true
  },
  "securitycraft:recipes/misc/lime_lens": {
    "criteria": {
      "has_glass_pane": "2024-06-19 05:07:19 +0000"
    },
    "done": true
  },
  "securitycraft:recipes/misc/cyan_lens": {
    "criteria": {
      "has_glass_pane": "2024-06-19 05:07:19 +0000"
    },
    "done": true
  },
  "securitycraft:recipes/misc/brown_lens": {
    "criteria": {
      "has_glass_pane": "2024-06-19 05:07:19 +0000"
    },
    "done": true
  },
  "securitycraft:recipes/misc/gray_lens": {
    "criteria": {
      "has_glass_pane": "2024-06-19 05:07:19 +0000"
    },
    "done": true
  },
  "securitycraft:recipes/misc/blue_lens": {
    "criteria": {
      "has_glass_pane": "2024-06-19 05:07:19 +0000"
    },
    "done": true
  },
  "securitycraft:recipes/misc/lens": {
    "criteria": {
      "has_glass_pane": "2024-06-19 05:07:19 +0000"
    },
    "done": true
  },
  "securitycraft:recipes/misc/pink_lens": {
    "criteria": {
      "has_glass_pane": "2024-06-19 05:07:19 +0000"
    },
    "done": true
  },
  "securitycraft:recipes/misc/magenta_lens": {
    "criteria": {
      "has_glass_pane": "2024-06-19 05:07:19 +0000"
    },
    "done": true
  },
  "securitycraft:recipes/misc/green_lens": {
    "criteria": {
      "has_glass_pane": "2024-06-19 05:07:19 +0000"
    },
    "done": true
  },
  "securitycraft:recipes/misc/red_lens": {
    "criteria": {
      "has_glass_pane": "2024-06-19 05:07:19 +0000"
    },
    "done": true
  },
  "securitycraft:recipes/misc/orange_lens": {
    "criteria": {
      "has_glass_pane": "2024-06-19 05:07:19 +0000"
    },
    "done": true
  },
  "securitycraft:recipes/misc/purple_lens": {
    "criteria": {
      "has_glass_pane": "2024-06-19 05:07:19 +0000"
    },
    "done": true
  },
  "securitycraft:recipes/misc/light_blue_lens": {
    "criteria": {
      "has_glass_pane": "2024-06-19 05:07:19 +0000"
    },
    "done": true
  },
  "securitycraft:recipes/misc/yellow_lens": {
    "criteria": {
      "has_glass_pane": "2024-06-19 05:07:19 +0000"
    },
    "done": true
  },
  "securitycraft:recipes/misc/light_gray_lens": {
    "criteria": {
      "has_glass_pane": "2024-06-19 05:07:19 +0000"
    },
    "done": true
  },
  "securitycraft:recipes/misc/white_lens": {
    "criteria": {
      "has_glass_pane": "2024-06-19 05:07:19 +0000"
    },
    "done": true
  },
  "securitycraft:recipes/misc/black_lens": {
    "criteria": {
      "has_glass_pane": "2024-06-19 05:07:19 +0000"
    },
    "done": true
  },
  "minecraft:nether/obtain_crying_obsidian": {
    "criteria": {
      "crying_obsidian": "2024-06-19 05:12:21 +0000"
    },
    "done": true
  },
  "minecraft:recipes/decorations/respawn_anchor": {
    "criteria": {
      "has_obsidian": "2024-06-19 05:12:21 +0000"
    },
    "done": true
  },
  "mowziesmobs:kill_ferrous_wroughtnaut": {
    "criteria": {
      "ferrous_wroughtnaut": "2024-06-19 05:19:16 +0000"
    },
    "done": true
  },
  "undead_revamp2:oneskelly": {
    "criteria": {
      "oneskelly": "2024-06-19 05:22:02 +0000"
    },
    "done": true
  },
  "undead_revamp2:cloggeradvance": {
    "criteria": {
      "cloggeradvance": "2024-06-19 05:25:41 +0000"
    },
    "done": true
  },
  "undead_revamp2:daddy": {
    "criteria": {
      "daddy": "2024-06-19 05:26:47 +0000"
    },
    "done": true
  },
  "undead_revamp2:mommy": {
    "criteria": {
      "mommy": "2024-06-19 05:29:01 +0000"
    },
    "done": true
  },
  "undead_revamp2:sugarcoat": {
    "criteria": {
      "sugarcoat": "2024-06-19 05:29:01 +0000"
    },
    "done": true
  },
  "mowziesmobs:kill_frostmaw": {
    "criteria": {
      "frostmaw": "2024-06-19 05:37:30 +0000"
    },
    "done": true
  },
  "mowziesmobs:kill_umvuthi": {
    "criteria": {
      "barako": "2024-06-19 05:38:39 +0000"
    },
    "done": true
  },
  "tombstone:adventure/choose_knowledge": {
    "criteria": {
      "coded_trigger": "2024-06-19 22:01:09 +0000"
    },
    "done": true
  },
  "minecraft:recipes/building_blocks/granite_slab_from_granite_stonecutting": {
    "criteria": {
      "has_granite": "2024-06-19 23:24:10 +0000"
    },
    "done": true
  },
  "minecraft:recipes/building_blocks/cobblestone_slab_from_cobblestone_stonecutting": {
    "criteria": {
      "has_cobblestone": "2024-06-19 23:23:59 +0000"
    },
    "done": true
  },
  "minecraft:recipes/decorations/granite_wall_from_granite_stonecutting": {
    "criteria": {
      "has_granite": "2024-06-19 23:24:10 +0000"
    },
    "done": true
  },
  "minecraft:recipes/building_blocks/stone": {
    "criteria": {
      "has_cobblestone": "2024-06-19 23:23:59 +0000"
    },
    "done": true
  },
  "minecraft:recipes/building_blocks/polished_granite_from_granite_stonecutting": {
    "criteria": {
      "has_granite": "2024-06-19 23:24:10 +0000"
    },
    "done": true
  },
  "minecraft:recipes/building_blocks/granite_slab": {
    "criteria": {
      "has_granite": "2024-06-19 23:24:10 +0000"
    },
    "done": true
  },
  "minecraft:recipes/building_blocks/granite_stairs": {
    "criteria": {
      "has_granite": "2024-06-19 23:24:10 +0000"
    },
    "done": true
  },
  "minecraft:recipes/building_blocks/granite_stairs_from_granite_stonecutting": {
    "criteria": {
      "has_granite": "2024-06-19 23:24:10 +0000"
    },
    "done": true
  },
  "minecraft:recipes/decorations/granite_wall": {
    "criteria": {
      "has_granite": "2024-06-19 23:24:10 +0000"
    },
    "done": true
  },
  "minecraft:recipes/building_blocks/polished_granite_slab_from_granite_stonecutting": {
    "criteria": {
      "has_granite": "2024-06-19 23:24:10 +0000"
    },
    "done": true
  },
  "minecraft:recipes/building_blocks/cobblestone_slab": {
    "criteria": {
      "has_cobblestone": "2024-06-19 23:23:59 +0000"
    },
    "done": true
  },
  "minecraft:recipes/decorations/cobblestone_wall_from_cobblestone_stonecutting": {
    "criteria": {
      "has_cobblestone": "2024-06-19 23:23:59 +0000"
    },
    "done": true
  },
  "minecraft:recipes/building_blocks/cobblestone_stairs": {
    "criteria": {
      "has_cobblestone": "2024-06-19 23:23:59 +0000"
    },
    "done": true
  },
  "minecraft:recipes/building_blocks/polished_granite_stairs_from_granite_stonecutting": {
    "criteria": {
      "has_granite": "2024-06-19 23:24:10 +0000"
    },
    "done": true
  },
  "minecraft:recipes/redstone/lever": {
    "criteria": {
      "has_cobblestone": "2024-06-19 23:23:59 +0000"
    },
    "done": true
  },
  "minecraft:recipes/decorations/cobblestone_wall": {
    "criteria": {
      "has_cobblestone": "2024-06-19 23:23:59 +0000"
    },
    "done": true
  },
  "minecraft:recipes/building_blocks/polished_granite": {
    "criteria": {
      "has_granite": "2024-06-19 23:24:10 +0000"
    },
    "done": true
  },
  "minecraft:recipes/building_blocks/cobblestone_stairs_from_cobblestone_stonecutting": {
    "criteria": {
      "has_cobblestone": "2024-06-19 23:23:59 +0000"
    },
    "done": true
  },
  "DataVersion": 3465
}